0,1,2,3,4,5,6,7,8,9,10,11,12,13,14
8027.0,8.990690709916228,1997.0,4.0,7.0,13.0,50.0,14.0,19.0,859.0,-0.2588190451025208,-0.9659258262890684,2.0,97.0,0.6931471805599453
8040.0,8.99230873254815,1997.0,5.0,21.0,20.0,3.0,20.0,27.0,1227.0,-0.8660254037844386,0.5000000000000001,2.0,141.0,0.6931471805599453
8100.0,8.182279739259018,1997.0,11.0,3.0,10.0,18.0,10.0,34.0,634.0,0.4999999999999999,-0.8660254037844387,4.0,307.0,3.4339872044851463
8100.0,8.999742789830492,1997.0,11.0,3.0,9.0,3.0,9.0,13.0,553.0,0.7071067811865476,-0.7071067811865475,4.0,307.0,2.6390573296152584
8100.0,8.999742789830492,1997.0,11.0,3.0,19.0,55.0,20.0,36.0,1236.0,-0.9659258262890684,0.2588190451025203,4.0,307.0,2.6390573296152584
8100.0,8.999742789830492,1997.0,11.0,3.0,4.0,32.0,4.0,49.0,289.0,0.8660254037844386,0.5000000000000001,4.0,307.0,2.6390573296152584
8100.0,8.999742789830492,1997.0,11.0,3.0,22.0,16.0,22.0,32.0,1352.0,-0.5000000000000004,0.8660254037844384,4.0,307.0,2.6390573296152584
8100.0,8.182279739259018,1997.0,11.0,3.0,22.0,58.0,23.0,7.0,1387.0,-0.5000000000000004,0.8660254037844384,4.0,307.0,3.4339872044851463
8100.0,8.182279739259018,1997.0,11.0,3.0,10.0,18.0,10.0,34.0,634.0,0.4999999999999999,-0.8660254037844387,4.0,307.0,3.4339872044851463
8100.0,8.999742789830492,1997.0,11.0,3.0,9.0,3.0,9.0,13.0,553.0,0.7071067811865476,-0.7071067811865475,4.0,307.0,2.6390573296152584
8100.0,8.999742789830492,1997.0,11.0,3.0,19.0,55.0,20.0,36.0,1236.0,-0.9659258262890684,0.2588190451025203,4.0,307.0,2.6390573296152584
8100.0,8.999742789830492,1997.0,11.0,3.0,4.0,32.0,4.0,49.0,289.0,0.8660254037844386,0.5000000000000001,4.0,307.0,2.6390573296152584
8100.0,8.999742789830492,1997.0,11.0,3.0,22.0,16.0,22.0,32.0,1352.0,-0.5000000000000004,0.8660254037844384,4.0,307.0,2.6390573296152584
8100.0,8.182279739259018,1997.0,11.0,3.0,22.0,58.0,23.0,7.0,1387.0,-0.5000000000000004,0.8660254037844384,4.0,307.0,3.4339872044851463
8100.0,8.999742789830492,1997.0,11.0,4.0,5.0,52.0,6.0,2.0,362.0,0.9659258262890684,0.2588190451025207,4.0,308.0,2.6390573296152584
8100.0,8.999742789830492,1997.0,11.0,4.0,2.0,32.0,3.0,3.0,183.0,0.4999999999999999,0.8660254037844387,4.0,308.0,2.6390573296152584
8100.0,8.999742789830492,1997.0,11.0,4.0,1.0,27.0,1.0,40.0,100.0,0.2588190451025207,0.9659258262890684,4.0,308.0,2.6390573296152584
8100.0,8.182279739259018,1997.0,11.0,4.0,6.0,27.0,6.0,32.0,392.0,1.0,6.123233995736766e-17,4.0,308.0,3.4339872044851463
8100.0,8.182279739259018,1997.0,11.0,4.0,4.0,12.0,4.0,19.0,259.0,0.8660254037844386,0.5000000000000001,4.0,308.0,3.4339872044851463
8100.0,8.182279739259018,1997.0,11.0,4.0,6.0,37.0,6.0,44.0,404.0,1.0,6.123233995736766e-17,4.0,308.0,3.4339872044851463
8100.0,8.999742789830492,1997.0,11.0,4.0,21.0,6.0,21.0,26.0,1286.0,-0.7071067811865477,0.7071067811865474,4.0,308.0,2.6390573296152584
8100.0,8.182279739259018,1997.0,11.0,4.0,3.0,55.0,4.0,6.0,246.0,0.7071067811865476,0.7071067811865476,4.0,308.0,3.4339872044851463
8100.0,8.999742789830492,1997.0,11.0,6.0,11.0,49.0,12.0,1.0,721.0,0.258819045102521,-0.9659258262890682,4.0,310.0,2.6390573296152584
8113.0,9.001346243766392,1997.0,11.0,27.0,12.0,59.0,13.0,20.0,800.0,1.2246467991473532e-16,-1.0,4.0,331.0,0.6931471805599453
8210.0,9.01322999770879,1998.0,4.0,23.0,5.0,35.0,6.0,23.0,383.0,0.9659258262890684,0.2588190451025207,2.0,113.0,2.079441541679836
8210.0,9.01322999770879,1998.0,4.0,27.0,8.0,55.0,9.0,38.0,578.0,0.8660254037844387,-0.4999999999999998,2.0,117.0,2.079441541679836
8210.0,9.01322999770879,1998.0,4.0,29.0,16.0,6.0,16.0,59.0,1019.0,-0.8660254037844385,-0.5000000000000004,2.0,119.0,2.079441541679836
8210.0,9.01322999770879,1998.0,5.0,2.0,13.0,31.0,13.0,51.0,831.0,-0.2588190451025208,-0.9659258262890684,2.0,122.0,2.079441541679836
8210.0,9.01322999770879,1998.0,5.0,6.0,7.0,58.0,8.0,20.0,500.0,0.9659258262890684,-0.2588190451025206,2.0,126.0,2.079441541679836
8210.0,9.01322999770879,1998.0,5.0,6.0,7.0,10.0,7.0,41.0,461.0,0.9659258262890684,-0.2588190451025206,2.0,126.0,2.079441541679836
8210.0,9.01322999770879,1998.0,5.0,9.0,3.0,4.0,3.0,55.0,235.0,0.7071067811865476,0.7071067811865476,2.0,129.0,2.079441541679836
8307.0,9.024974184996005,1998.0,8.0,18.0,22.0,10.0,22.0,28.0,1348.0,-0.5000000000000004,0.8660254037844384,3.0,230.0,1.3862943611198906
8307.0,9.024974184996005,1998.0,8.0,18.0,8.0,14.0,8.0,32.0,512.0,0.8660254037844387,-0.4999999999999998,3.0,230.0,1.3862943611198906
8307.0,9.024974184996005,1998.0,8.0,24.0,21.0,50.0,22.0,35.0,1355.0,-0.7071067811865477,0.7071067811865474,3.0,236.0,1.3862943611198906
8340.0,9.028938392241612,1998.0,9.0,23.0,6.0,40.0,7.0,31.0,451.0,1.0,6.123233995736766e-17,3.0,266.0,1.0986122886681098
8040.0,9.028938392241612,1998.0,9.0,30.0,13.0,8.0,14.0,48.0,888.0,-0.2588190451025208,-0.9659258262890684,3.0,273.0,1.0986122886681098
8375.0,9.033125752550372,1998.0,11.0,5.0,19.0,0.0,20.0,12.0,1212.0,-0.9659258262890684,0.2588190451025203,4.0,309.0,1.3862943611198906
8375.0,9.033125752550372,1998.0,11.0,5.0,18.0,22.0,18.0,27.0,1107.0,-1.0,-1.8369701987210294e-16,4.0,309.0,1.3862943611198906
8040.0,8.182279739259018,1998.0,11.0,7.0,11.0,2.0,11.0,9.0,669.0,0.258819045102521,-0.9659258262890682,4.0,311.0,3.4339872044851463
8040.0,9.033125752550372,1998.0,11.0,8.0,17.0,4.0,17.0,22.0,1042.0,-0.9659258262890684,-0.2588190451025206,4.0,312.0,1.3862943611198906
8415.0,9.03788993497749,1998.0,12.0,18.0,17.0,13.0,17.0,27.0,1047.0,-0.9659258262890684,-0.2588190451025206,4.0,352.0,0.6931471805599453
8040.0,8.182279739259018,1999.0,1.0,20.0,19.0,6.0,21.0,0.0,1260.0,-0.9659258262890684,0.2588190451025203,1.0,20.0,3.4339872044851463
8525.0,8.182279739259018,1999.0,5.0,3.0,5.0,36.0,6.0,32.0,392.0,0.9659258262890684,0.2588190451025207,2.0,123.0,3.4339872044851463
8552.0,9.054037377580782,1999.0,6.0,4.0,6.0,52.0,7.0,11.0,431.0,1.0,6.123233995736766e-17,2.0,155.0,0.6931471805599453
8603.0,9.060911858484252,1999.0,6.0,29.0,8.0,13.0,8.0,27.0,507.0,0.8660254037844387,-0.4999999999999998,2.0,180.0,0.6931471805599453
8674.0,9.06900719585954,1999.0,8.0,28.0,17.0,52.0,18.0,18.0,1098.0,-0.9659258262890684,-0.2588190451025206,3.0,240.0,0.6931471805599453
8731.0,9.074749717669835,1999.0,10.0,14.0,8.0,54.0,9.0,3.0,543.0,0.8660254037844387,-0.4999999999999998,4.0,287.0,0.6931471805599453
8766.0,9.078749951588586,1999.0,11.0,16.0,2.0,36.0,2.0,54.0,174.0,0.4999999999999999,0.8660254037844387,4.0,320.0,1.0986122886681098
8766.0,9.078065332666364,1999.0,11.0,16.0,4.0,5.0,4.0,13.0,253.0,0.8660254037844386,0.5000000000000001,4.0,320.0,1.0986122886681098
8759.0,9.078749951588586,1999.0,11.0,16.0,2.0,36.0,2.0,54.0,174.0,0.4999999999999999,0.8660254037844387,4.0,320.0,1.0986122886681098
8759.0,9.078065332666364,1999.0,11.0,16.0,4.0,5.0,4.0,13.0,253.0,0.8660254037844386,0.5000000000000001,4.0,320.0,1.0986122886681098
8831.0,9.086136768516877,2000.0,1.0,18.0,17.0,7.0,17.0,44.0,1064.0,-0.9659258262890684,-0.2588190451025206,1.0,18.0,0.6931471805599453
8858.0,9.089189170412032,2000.0,2.0,5.0,19.0,17.0,19.0,31.0,1171.0,-0.9659258262890684,0.2588190451025203,1.0,36.0,0.6931471805599453
8882.0,9.0918946167697,2000.0,3.0,2.0,8.0,20.0,8.0,31.0,511.0,0.8660254037844387,-0.4999999999999998,1.0,62.0,1.0986122886681098
8882.0,9.0918946167697,2000.0,3.0,2.0,13.0,35.0,13.0,48.0,828.0,-0.2588190451025208,-0.9659258262890684,1.0,62.0,1.0986122886681098
8970.0,9.101752431559284,2000.0,5.0,4.0,10.0,57.0,11.0,14.0,674.0,0.4999999999999999,-0.8660254037844387,2.0,125.0,0.6931471805599453
8993.0,9.105313134108476,2000.0,5.0,15.0,8.0,16.0,9.0,28.0,568.0,0.8660254037844387,-0.4999999999999998,2.0,136.0,0.6931471805599453
9026.0,9.107975365298154,2000.0,6.0,2.0,18.0,48.0,19.0,50.0,1190.0,-1.0,-1.8369701987210294e-16,2.0,154.0,1.9459101490553128
9026.0,9.107975365298154,2000.0,6.0,2.0,6.0,52.0,7.0,6.0,426.0,1.0,6.123233995736766e-17,2.0,154.0,1.9459101490553128
9026.0,9.107975365298154,2000.0,6.0,6.0,14.0,58.0,15.0,40.0,940.0,-0.4999999999999997,-0.8660254037844388,2.0,158.0,1.9459101490553128
9026.0,9.107975365298154,2000.0,6.0,6.0,13.0,30.0,13.0,46.0,826.0,-0.2588190451025208,-0.9659258262890684,2.0,158.0,1.9459101490553128
9026.0,9.107975365298154,2000.0,6.0,6.0,13.0,56.0,14.0,11.0,851.0,-0.2588190451025208,-0.9659258262890684,2.0,158.0,1.9459101490553128
9026.0,9.107975365298154,2000.0,6.0,10.0,16.0,40.0,17.0,19.0,1039.0,-0.8660254037844385,-0.5000000000000004,2.0,162.0,1.9459101490553128
9077.0,9.113609183016411,2000.0,7.0,10.0,21.0,5.0,22.0,27.0,1347.0,-0.7071067811865477,0.7071067811865474,3.0,192.0,1.9459101490553128
9077.0,9.113609183016411,2000.0,7.0,11.0,12.0,12.0,13.0,35.0,815.0,1.2246467991473532e-16,-1.0,3.0,193.0,1.9459101490553128
9077.0,9.113609183016411,2000.0,7.0,11.0,11.0,32.0,11.0,52.0,712.0,0.258819045102521,-0.9659258262890682,3.0,193.0,1.9459101490553128
9070.0,9.113609183016411,2000.0,7.0,12.0,10.0,18.0,10.0,46.0,646.0,0.4999999999999999,-0.8660254037844387,3.0,194.0,1.9459101490553128
9070.0,9.112837790614943,2000.0,7.0,12.0,18.0,41.0,19.0,7.0,1147.0,-1.0,-1.8369701987210294e-16,3.0,194.0,0.6931471805599453
9077.0,9.113609183016411,2000.0,7.0,14.0,10.0,3.0,10.0,43.0,643.0,0.4999999999999999,-0.8660254037844387,3.0,196.0,1.9459101490553128
9077.0,9.113609183016411,2000.0,7.0,14.0,13.0,44.0,14.0,0.0,840.0,-0.2588190451025208,-0.9659258262890684,3.0,196.0,1.9459101490553128
9085.0,9.114490046319348,2000.0,7.0,22.0,11.0,17.0,12.0,2.0,722.0,0.258819045102521,-0.9659258262890682,3.0,204.0,0.6931471805599453
9165.0,9.123256265069069,2000.0,9.0,16.0,4.0,6.0,4.0,48.0,288.0,0.8660254037844386,0.5000000000000001,3.0,260.0,1.0986122886681098
9165.0,9.123256265069069,2000.0,9.0,19.0,8.0,6.0,8.0,42.0,522.0,0.8660254037844387,-0.4999999999999998,3.0,263.0,1.0986122886681098
9213.0,9.128479345495862,2000.0,11.0,8.0,22.0,42.0,0.0,5.0,5.0,-0.5000000000000004,0.8660254037844384,4.0,313.0,0.6931471805599453
9236.0,9.13097243659261,2000.0,11.0,24.0,14.0,51.0,15.0,21.0,921.0,-0.4999999999999997,-0.8660254037844388,4.0,329.0,2.6390573296152584
9236.0,9.13097243659261,2000.0,11.0,24.0,4.0,55.0,5.0,8.0,308.0,0.8660254037844386,0.5000000000000001,4.0,329.0,2.6390573296152584
9236.0,9.13097243659261,2000.0,11.0,24.0,21.0,43.0,22.0,12.0,1332.0,-0.7071067811865477,0.7071067811865474,4.0,329.0,2.6390573296152584
9236.0,9.13097243659261,2000.0,11.0,24.0,14.0,51.0,15.0,21.0,921.0,-0.4999999999999997,-0.8660254037844388,4.0,329.0,2.6390573296152584
9236.0,9.13097243659261,2000.0,11.0,24.0,4.0,55.0,5.0,8.0,308.0,0.8660254037844386,0.5000000000000001,4.0,329.0,2.6390573296152584
9236.0,9.13097243659261,2000.0,11.0,24.0,21.0,43.0,22.0,12.0,1332.0,-0.7071067811865477,0.7071067811865474,4.0,329.0,2.6390573296152584
9236.0,9.13097243659261,2000.0,11.0,24.0,14.0,51.0,15.0,21.0,921.0,-0.4999999999999997,-0.8660254037844388,4.0,329.0,2.6390573296152584
9236.0,9.13097243659261,2000.0,11.0,24.0,4.0,55.0,5.0,8.0,308.0,0.8660254037844386,0.5000000000000001,4.0,329.0,2.6390573296152584
9236.0,9.13097243659261,2000.0,11.0,24.0,21.0,43.0,22.0,12.0,1332.0,-0.7071067811865477,0.7071067811865474,4.0,329.0,2.6390573296152584
9240.0,9.13097243659261,2000.0,11.0,25.0,18.0,33.0,18.0,55.0,1135.0,-1.0,-1.8369701987210294e-16,4.0,330.0,2.6390573296152584
9240.0,9.13140538388804,2000.0,11.0,25.0,0.0,59.0,2.0,1.0,121.0,0.0,1.0,4.0,330.0,1.3862943611198906
9236.0,9.13097243659261,2000.0,11.0,25.0,18.0,33.0,18.0,55.0,1135.0,-1.0,-1.8369701987210294e-16,4.0,330.0,2.6390573296152584
9236.0,9.13140538388804,2000.0,11.0,25.0,0.0,59.0,2.0,1.0,121.0,0.0,1.0,4.0,330.0,1.3862943611198906
9236.0,9.13097243659261,2000.0,11.0,25.0,18.0,33.0,18.0,55.0,1135.0,-1.0,-1.8369701987210294e-16,4.0,330.0,2.6390573296152584
9236.0,9.13140538388804,2000.0,11.0,25.0,0.0,59.0,2.0,1.0,121.0,0.0,1.0,4.0,330.0,1.3862943611198906
9236.0,9.13097243659261,2000.0,11.0,26.0,16.0,34.0,16.0,56.0,1016.0,-0.8660254037844385,-0.5000000000000004,4.0,331.0,2.6390573296152584
9313.0,9.139273923542325,2001.0,1.0,20.0,21.0,6.0,21.0,32.0,1292.0,-0.7071067811865477,0.7071067811865474,1.0,20.0,1.0986122886681098
9313.0,9.139273923542325,2001.0,1.0,20.0,21.0,6.0,21.0,32.0,1292.0,-0.7071067811865477,0.7071067811865474,1.0,20.0,1.0986122886681098
9368.0,9.145161645951188,2001.0,3.0,10.0,4.0,0.0,4.0,7.0,247.0,0.8660254037844386,0.5000000000000001,1.0,69.0,0.6931471805599453
9393.0,9.14782646658694,2001.0,3.0,29.0,9.0,57.0,10.0,32.0,632.0,0.7071067811865476,-0.7071067811865475,1.0,88.0,2.079441541679836
9393.0,9.14782646658694,2001.0,4.0,2.0,21.0,32.0,22.0,3.0,1323.0,-0.7071067811865477,0.7071067811865474,2.0,92.0,2.079441541679836
9393.0,9.14782646658694,2001.0,4.0,2.0,10.0,4.0,10.0,20.0,620.0,0.4999999999999999,-0.8660254037844387,2.0,92.0,2.079441541679836
9393.0,9.14782646658694,2001.0,4.0,2.0,10.0,58.0,12.0,5.0,725.0,0.4999999999999999,-0.8660254037844387,2.0,92.0,2.079441541679836
9393.0,9.14782646658694,2001.0,4.0,2.0,21.0,32.0,22.0,3.0,1323.0,-0.7071067811865477,0.7071067811865474,2.0,92.0,2.079441541679836
9393.0,9.14782646658694,2001.0,4.0,2.0,10.0,4.0,10.0,20.0,620.0,0.4999999999999999,-0.8660254037844387,2.0,92.0,2.079441541679836
9393.0,9.14782646658694,2001.0,4.0,2.0,10.0,58.0,12.0,5.0,725.0,0.4999999999999999,-0.8660254037844387,2.0,92.0,2.079441541679836
9415.0,9.150165648940114,2001.0,4.0,3.0,3.0,25.0,4.0,55.0,295.0,0.7071067811865476,0.7071067811865476,2.0,93.0,1.9459101490553128
9393.0,9.1503780308035,2001.0,4.0,5.0,8.0,37.0,9.0,54.0,594.0,0.8660254037844387,-0.4999999999999998,2.0,95.0,0.6931471805599453
9415.0,9.150165648940114,2001.0,4.0,6.0,19.0,10.0,19.0,31.0,1171.0,-0.9659258262890684,0.2588190451025203,2.0,96.0,1.9459101490553128
9415.0,9.150165648940114,2001.0,4.0,9.0,15.0,20.0,16.0,0.0,960.0,-0.7071067811865471,-0.7071067811865479,2.0,99.0,1.9459101490553128
9415.0,9.150165648940114,2001.0,4.0,10.0,5.0,6.0,5.0,42.0,342.0,0.9659258262890684,0.2588190451025207,2.0,100.0,1.9459101490553128
9415.0,9.150165648940114,2001.0,4.0,12.0,9.0,39.0,10.0,49.0,649.0,0.7071067811865476,-0.7071067811865475,2.0,102.0,1.9459101490553128
9415.0,9.150165648940114,2001.0,4.0,15.0,13.0,19.0,13.0,55.0,835.0,-0.2588190451025208,-0.9659258262890684,2.0,105.0,1.9459101490553128
9433.0,9.152075463844207,2001.0,4.0,26.0,11.0,26.0,13.0,19.0,799.0,0.258819045102521,-0.9659258262890682,2.0,116.0,0.6931471805599453
9502.0,9.159362817211315,2001.0,6.0,15.0,10.0,1.0,10.0,20.0,620.0,0.4999999999999999,-0.8660254037844387,2.0,166.0,1.0986122886681098
8040.0,9.159362817211315,2001.0,6.0,15.0,10.0,1.0,10.0,20.0,620.0,0.4999999999999999,-0.8660254037844387,2.0,166.0,1.0986122886681098
9591.0,9.16868469670735,2001.0,8.0,25.0,16.0,23.0,17.0,4.0,1024.0,-0.8660254037844385,-0.5000000000000004,3.0,237.0,0.6931471805599453
9616.0,9.170455438277267,2001.0,9.0,16.0,3.0,39.0,4.0,18.0,258.0,0.7071067811865476,0.7071067811865476,3.0,259.0,1.0986122886681098
9616.0,9.170455438277267,2001.0,9.0,17.0,15.0,44.0,15.0,54.0,954.0,-0.7071067811865471,-0.7071067811865479,3.0,260.0,1.0986122886681098
9632.0,9.172949982757624,2001.0,9.0,24.0,9.0,32.0,11.0,9.0,669.0,0.7071067811865476,-0.7071067811865475,3.0,267.0,0.6931471805599453
9628.0,9.172534657240284,2001.0,10.0,1.0,4.0,41.0,5.0,23.0,323.0,0.8660254037844386,0.5000000000000001,4.0,274.0,0.6931471805599453
9661.0,9.175955945114351,2001.0,10.0,19.0,0.0,47.0,1.0,13.0,73.0,0.0,1.0,4.0,292.0,1.6094379124341005
9661.0,9.175955945114351,2001.0,10.0,19.0,16.0,13.0,16.0,43.0,1003.0,-0.8660254037844385,-0.5000000000000004,4.0,292.0,1.6094379124341005
9661.0,9.175645402179295,2001.0,10.0,19.0,9.0,35.0,9.0,55.0,595.0,0.7071067811865476,-0.7071067811865475,4.0,292.0,1.0986122886681098
9661.0,9.175955945114351,2001.0,10.0,19.0,0.0,47.0,1.0,13.0,73.0,0.0,1.0,4.0,292.0,1.6094379124341005
9661.0,9.175955945114351,2001.0,10.0,19.0,16.0,13.0,16.0,43.0,1003.0,-0.8660254037844385,-0.5000000000000004,4.0,292.0,1.6094379124341005
9661.0,9.175645402179295,2001.0,10.0,19.0,9.0,35.0,9.0,55.0,595.0,0.7071067811865476,-0.7071067811865475,4.0,292.0,1.0986122886681098
9672.0,9.177093778182549,2001.0,10.0,22.0,17.0,44.0,18.0,14.0,1094.0,-0.9659258262890684,-0.2588190451025206,4.0,295.0,1.3862943611198906
9672.0,9.177093778182549,2001.0,10.0,22.0,14.0,27.0,15.0,31.0,931.0,-0.4999999999999997,-0.8660254037844388,4.0,295.0,1.3862943611198906
9672.0,9.177093778182549,2001.0,10.0,25.0,14.0,42.0,15.0,28.0,928.0,-0.4999999999999997,-0.8660254037844388,4.0,298.0,1.3862943611198906
9684.0,9.178333575841096,2001.0,11.0,4.0,16.0,3.0,16.0,57.0,1017.0,-0.8660254037844385,-0.5000000000000004,4.0,308.0,0.6931471805599453
9698.0,9.18039649560311,2001.0,11.0,22.0,22.0,32.0,0.0,6.0,6.0,-0.5000000000000004,0.8660254037844384,4.0,326.0,1.0986122886681098
9704.0,9.18039649560311,2001.0,11.0,22.0,22.0,32.0,0.0,6.0,6.0,-0.5000000000000004,0.8660254037844384,4.0,326.0,1.0986122886681098
9727.0,9.1833801903934,2001.0,12.0,11.0,7.0,58.0,8.0,14.0,494.0,0.9659258262890684,-0.2588190451025206,4.0,345.0,0.6931471805599453
9742.0,9.184304357425342,2001.0,12.0,26.0,4.0,32.0,6.0,47.0,407.0,0.8660254037844386,0.5000000000000001,4.0,360.0,0.6931471805599453
9756.0,9.18686701579054,2001.0,12.0,28.0,20.0,2.0,21.0,32.0,1292.0,-0.8660254037844386,0.5000000000000001,4.0,362.0,0.6931471805599453
9742.0,9.184919994629272,2001.0,12.0,29.0,9.0,38.0,10.0,6.0,606.0,0.7071067811865476,-0.7071067811865475,4.0,363.0,0.6931471805599453
9772.0,8.182279739259018,2002.0,1.0,14.0,5.0,29.0,8.0,25.0,505.0,0.9659258262890684,0.2588190451025207,1.0,14.0,3.4339872044851463
9825.0,8.182279739259018,2002.0,2.0,21.0,11.0,56.0,12.0,36.0,756.0,0.258819045102521,-0.9659258262890682,1.0,52.0,3.4339872044851463
9871.0,9.197457746145169,2002.0,3.0,17.0,19.0,24.0,19.0,34.0,1174.0,-0.9659258262890684,0.2588190451025203,1.0,76.0,0.6931471805599453
9893.0,9.199683791787654,2002.0,4.0,10.0,12.0,23.0,12.0,40.0,760.0,1.2246467991473532e-16,-1.0,2.0,100.0,1.0986122886681098
9906.0,9.199683791787654,2002.0,4.0,15.0,23.0,34.0,0.0,25.0,25.0,-0.2588190451025215,0.965925826289068,2.0,105.0,1.0986122886681098
9906.0,9.20099685697303,2002.0,4.0,21.0,0.0,43.0,2.0,38.0,158.0,0.0,1.0,2.0,111.0,0.6931471805599453
10030.0,3.4339872044851463,2002.0,7.0,15.0,19.0,59.0,20.0,14.0,1214.0,-0.9659258262890684,0.2588190451025203,3.0,196.0,1.6094379124341005
10030.0,3.4339872044851463,2002.0,7.0,17.0,6.0,58.0,7.0,19.0,439.0,1.0,6.123233995736766e-17,3.0,198.0,1.6094379124341005
10030.0,3.4339872044851463,2002.0,7.0,18.0,7.0,24.0,7.0,49.0,469.0,0.9659258262890684,-0.2588190451025206,3.0,199.0,1.6094379124341005
10036.0,3.4339872044851463,2002.0,7.0,18.0,7.0,24.0,7.0,49.0,469.0,0.9659258262890684,-0.2588190451025206,3.0,199.0,1.6094379124341005
10039.0,3.688879454113936,2002.0,7.0,20.0,21.0,4.0,21.0,54.0,1314.0,-0.7071067811865477,0.7071067811865474,3.0,201.0,1.3862943611198906
10039.0,3.688879454113936,2002.0,7.0,23.0,0.0,18.0,0.0,47.0,47.0,0.0,1.0,3.0,204.0,1.3862943611198906
10039.0,3.80666248977032,2002.0,7.0,26.0,20.0,51.0,21.0,29.0,1289.0,-0.8660254037844386,0.5000000000000001,3.0,207.0,1.3862943611198906
10039.0,8.182279739259018,2002.0,7.0,26.0,22.0,3.0,22.0,32.0,1352.0,-0.5000000000000004,0.8660254037844384,3.0,207.0,3.4339872044851463
10039.0,3.80666248977032,2002.0,7.0,26.0,0.0,4.0,0.0,16.0,16.0,0.0,1.0,3.0,207.0,1.3862943611198906
10039.0,3.80666248977032,2002.0,7.0,26.0,22.0,36.0,22.0,41.0,1361.0,-0.5000000000000004,0.8660254037844384,3.0,207.0,1.3862943611198906
8040.0,8.182279739259018,2002.0,7.0,29.0,2.0,29.0,2.0,46.0,166.0,0.4999999999999999,0.8660254037844387,3.0,210.0,3.4339872044851463
8040.0,8.182279739259018,2002.0,7.0,29.0,10.0,27.0,11.0,13.0,673.0,0.4999999999999999,-0.8660254037844387,3.0,210.0,3.4339872044851463
10039.0,3.688879454113936,2002.0,8.0,3.0,18.0,59.0,19.0,11.0,1151.0,-1.0,-1.8369701987210294e-16,3.0,215.0,1.3862943611198906
10061.0,4.248495242049359,2002.0,8.0,16.0,11.0,32.0,13.0,7.0,787.0,0.258819045102521,-0.9659258262890682,3.0,228.0,1.6094379124341005
10069.0,4.248495242049359,2002.0,8.0,16.0,11.0,32.0,13.0,7.0,787.0,0.258819045102521,-0.9659258262890682,3.0,228.0,1.6094379124341005
10069.0,4.248495242049359,2002.0,8.0,22.0,1.0,47.0,2.0,5.0,125.0,0.2588190451025207,0.9659258262890684,3.0,234.0,1.6094379124341005
10069.0,4.248495242049359,2002.0,8.0,24.0,0.0,49.0,1.0,31.0,91.0,0.0,1.0,3.0,236.0,1.6094379124341005
10180.0,5.198497031265826,2002.0,11.0,9.0,13.0,8.0,13.0,36.0,816.0,-0.2588190451025208,-0.9659258262890684,4.0,313.0,0.6931471805599453
10314.0,5.752572638825633,2003.0,3.0,18.0,11.0,51.0,12.0,20.0,740.0,0.258819045102521,-0.9659258262890682,1.0,77.0,1.3862943611198906
8040.0,5.752572638825633,2003.0,3.0,18.0,11.0,51.0,12.0,20.0,740.0,0.258819045102521,-0.9659258262890682,1.0,77.0,1.3862943611198906
8040.0,5.752572638825633,2003.0,3.0,19.0,9.0,34.0,10.0,0.0,600.0,0.7071067811865476,-0.7071067811865475,1.0,78.0,1.3862943611198906
10365.0,5.902633333401366,2003.0,5.0,27.0,22.0,56.0,23.0,13.0,1393.0,-0.5000000000000004,0.8660254037844384,2.0,147.0,1.6094379124341005
10365.0,5.902633333401366,2003.0,5.0,28.0,0.0,17.0,0.0,39.0,39.0,0.0,1.0,2.0,148.0,1.6094379124341005
10365.0,5.902633333401366,2003.0,5.0,29.0,0.0,51.0,1.0,12.0,72.0,0.0,1.0,2.0,149.0,1.6094379124341005
10365.0,5.902633333401366,2003.0,5.0,31.0,2.0,13.0,2.0,40.0,160.0,0.4999999999999999,0.8660254037844387,2.0,151.0,1.6094379124341005
10386.0,5.958424693029782,2003.0,6.0,17.0,22.0,27.0,23.0,12.0,1392.0,-0.5000000000000004,0.8660254037844384,2.0,168.0,0.6931471805599453
10486.0,6.18826412308259,2003.0,10.0,26.0,5.0,57.0,7.0,33.0,453.0,0.9659258262890684,0.2588190451025207,4.0,299.0,2.302585092994046
10486.0,6.184148890937483,2003.0,10.0,26.0,17.0,21.0,19.0,21.0,1161.0,-0.9659258262890684,-0.2588190451025206,4.0,299.0,1.6094379124341005
10486.0,6.184148890937483,2003.0,10.0,26.0,21.0,34.0,21.0,48.0,1308.0,-0.7071067811865477,0.7071067811865474,4.0,299.0,1.6094379124341005
10484.0,6.18826412308259,2003.0,10.0,26.0,5.0,57.0,7.0,33.0,453.0,0.9659258262890684,0.2588190451025207,4.0,299.0,2.302585092994046
10484.0,6.184148890937483,2003.0,10.0,26.0,17.0,21.0,19.0,21.0,1161.0,-0.9659258262890684,-0.2588190451025206,4.0,299.0,1.6094379124341005
10484.0,6.184148890937483,2003.0,10.0,26.0,21.0,34.0,21.0,48.0,1308.0,-0.7071067811865477,0.7071067811865474,4.0,299.0,1.6094379124341005
10486.0,6.18826412308259,2003.0,10.0,28.0,9.0,51.0,11.0,24.0,684.0,0.7071067811865476,-0.7071067811865475,4.0,301.0,2.302585092994046
10486.0,6.18826412308259,2003.0,10.0,29.0,20.0,37.0,21.0,1.0,1261.0,-0.8660254037844386,0.5000000000000001,4.0,302.0,2.302585092994046
8040.0,6.18826412308259,2003.0,11.0,2.0,17.0,3.0,17.0,39.0,1059.0,-0.9659258262890684,-0.2588190451025206,4.0,306.0,2.302585092994046
10486.0,6.18826412308259,2003.0,11.0,2.0,17.0,3.0,17.0,39.0,1059.0,-0.9659258262890684,-0.2588190451025206,4.0,306.0,2.302585092994046
10488.0,6.192362489474872,2003.0,11.0,3.0,9.0,43.0,10.0,19.0,619.0,0.7071067811865476,-0.7071067811865475,4.0,307.0,1.6094379124341005
10488.0,6.192362489474872,2003.0,11.0,3.0,1.0,9.0,1.0,45.0,105.0,0.2588190451025207,0.9659258262890684,4.0,307.0,1.6094379124341005
10488.0,6.18826412308259,2003.0,11.0,3.0,15.0,26.0,15.0,43.0,943.0,-0.7071067811865471,-0.7071067811865479,4.0,307.0,2.302585092994046
10488.0,6.192362489474872,2003.0,11.0,3.0,9.0,43.0,10.0,19.0,619.0,0.7071067811865476,-0.7071067811865475,4.0,307.0,1.6094379124341005
10488.0,6.192362489474872,2003.0,11.0,3.0,1.0,9.0,1.0,45.0,105.0,0.2588190451025207,0.9659258262890684,4.0,307.0,1.6094379124341005
10488.0,6.18826412308259,2003.0,11.0,3.0,15.0,26.0,15.0,43.0,943.0,-0.7071067811865471,-0.7071067811865479,4.0,307.0,2.302585092994046
10486.0,6.18826412308259,2003.0,11.0,4.0,19.0,29.0,20.0,6.0,1206.0,-0.9659258262890684,0.2588190451025203,4.0,308.0,2.302585092994046
10501.0,6.218600119691729,2003.0,11.0,17.0,8.0,55.0,9.0,19.0,559.0,0.8660254037844387,-0.4999999999999998,4.0,321.0,1.3862943611198906
10501.0,6.2324480165505225,2003.0,11.0,18.0,9.0,23.0,11.0,1.0,661.0,0.7071067811865476,-0.7071067811865475,4.0,322.0,1.0986122886681098
10501.0,6.218600119691729,2003.0,11.0,18.0,8.0,12.0,8.0,59.0,539.0,0.8660254037844387,-0.4999999999999998,4.0,322.0,1.3862943611198906
10508.0,6.2324480165505225,2003.0,11.0,18.0,9.0,23.0,11.0,1.0,661.0,0.7071067811865476,-0.7071067811865475,4.0,322.0,1.0986122886681098
10508.0,6.218600119691729,2003.0,11.0,18.0,8.0,12.0,8.0,59.0,539.0,0.8660254037844387,-0.4999999999999998,4.0,322.0,1.3862943611198906
10536.0,8.182279739259018,2004.0,1.0,5.0,2.0,50.0,5.0,20.0,320.0,0.4999999999999999,0.8660254037844387,1.0,5.0,3.4339872044851463
10537.0,6.2878585601617845,2004.0,1.0,6.0,6.0,13.0,6.0,36.0,396.0,1.0,6.123233995736766e-17,1.0,6.0,1.791759469228055
10537.0,6.2878585601617845,2004.0,1.0,7.0,10.0,14.0,10.0,33.0,633.0,0.4999999999999999,-0.8660254037844387,1.0,7.0,1.791759469228055
10537.0,6.2878585601617845,2004.0,1.0,7.0,3.0,43.0,4.0,21.0,261.0,0.7071067811865476,0.7071067811865476,1.0,7.0,1.791759469228055
10537.0,6.2878585601617845,2004.0,1.0,7.0,10.0,14.0,10.0,33.0,633.0,0.4999999999999999,-0.8660254037844387,1.0,7.0,1.791759469228055
10537.0,6.2878585601617845,2004.0,1.0,7.0,3.0,43.0,4.0,21.0,261.0,0.7071067811865476,0.7071067811865476,1.0,7.0,1.791759469228055
10652.0,6.481577129276431,2004.0,7.0,25.0,5.0,39.0,5.0,58.0,358.0,0.9659258262890684,0.2588190451025207,3.0,207.0,0.6931471805599453
10672.0,6.511745329644728,2004.0,9.0,12.0,0.0,4.0,1.0,33.0,93.0,0.0,1.0,3.0,256.0,0.6931471805599453
10672.0,6.504288173536645,2004.0,9.0,12.0,1.0,36.0,1.0,41.0,101.0,0.2588190451025207,0.9659258262890684,3.0,256.0,0.6931471805599453
10691.0,6.539585955617669,2004.0,10.0,30.0,11.0,38.0,11.0,50.0,710.0,0.258819045102521,-0.9659258262890682,4.0,304.0,2.079441541679836
10691.0,6.539585955617669,2004.0,10.0,30.0,16.0,18.0,16.0,37.0,997.0,-0.8660254037844385,-0.5000000000000004,4.0,304.0,2.079441541679836
10691.0,6.539585955617669,2004.0,10.0,30.0,6.0,8.0,6.0,22.0,382.0,1.0,6.123233995736766e-17,4.0,304.0,2.079441541679836
10691.0,6.539585955617669,2004.0,10.0,30.0,9.0,9.0,9.0,30.0,570.0,0.7071067811865476,-0.7071067811865475,4.0,304.0,2.079441541679836
10691.0,6.539585955617669,2004.0,10.0,30.0,3.0,23.0,3.0,37.0,217.0,0.7071067811865476,0.7071067811865476,4.0,304.0,2.079441541679836
10696.0,6.546785410760524,2004.0,11.0,3.0,15.0,35.0,15.0,55.0,955.0,-0.7071067811865471,-0.7071067811865479,4.0,308.0,2.19722457733622
10696.0,6.539585955617669,2004.0,11.0,3.0,1.0,23.0,1.0,37.0,97.0,0.2588190451025207,0.9659258262890684,4.0,308.0,2.079441541679836
10696.0,6.546785410760524,2004.0,11.0,3.0,15.0,35.0,15.0,55.0,955.0,-0.7071067811865471,-0.7071067811865479,4.0,308.0,2.19722457733622
10696.0,6.539585955617669,2004.0,11.0,3.0,1.0,23.0,1.0,37.0,97.0,0.2588190451025207,0.9659258262890684,4.0,308.0,2.079441541679836
10696.0,6.546785410760524,2004.0,11.0,6.0,0.0,11.0,0.0,42.0,42.0,0.0,1.0,4.0,311.0,2.19722457733622
10696.0,6.546785410760524,2004.0,11.0,6.0,0.0,44.0,1.0,10.0,70.0,0.0,1.0,4.0,311.0,2.19722457733622
10696.0,6.546785410760524,2004.0,11.0,6.0,1.0,40.0,2.0,8.0,128.0,0.2588190451025207,0.9659258262890684,4.0,311.0,2.19722457733622
10696.0,6.546785410760524,2004.0,11.0,7.0,15.0,42.0,16.0,15.0,975.0,-0.7071067811865471,-0.7071067811865479,4.0,312.0,2.19722457733622
10696.0,6.546785410760524,2004.0,11.0,9.0,16.0,59.0,17.0,32.0,1052.0,-0.8660254037844385,-0.5000000000000004,4.0,314.0,2.19722457733622
10696.0,6.546785410760524,2004.0,11.0,10.0,1.0,59.0,2.0,20.0,140.0,0.2588190451025207,0.9659258262890684,4.0,315.0,2.19722457733622
10715.0,6.573680166960646,2004.0,12.0,30.0,22.0,2.0,22.0,28.0,1348.0,-0.5000000000000004,0.8660254037844384,4.0,365.0,1.0986122886681098
10715.0,6.573680166960646,2005.0,1.0,1.0,0.0,1.0,0.0,39.0,39.0,0.0,1.0,1.0,1.0,1.0986122886681098
10720.0,6.580639137284949,2005.0,1.0,15.0,22.0,25.0,23.0,31.0,1411.0,-0.5000000000000004,0.8660254037844384,1.0,15.0,2.6390573296152584
10720.0,6.580639137284949,2005.0,1.0,15.0,0.0,22.0,1.0,2.0,62.0,0.0,1.0,1.0,15.0,2.6390573296152584
10720.0,6.580639137284949,2005.0,1.0,15.0,5.0,54.0,7.0,17.0,437.0,0.9659258262890684,0.2588190451025207,1.0,15.0,2.6390573296152584
10720.0,6.580639137284949,2005.0,1.0,15.0,4.0,26.0,4.0,36.0,276.0,0.8660254037844386,0.5000000000000001,1.0,15.0,2.6390573296152584
10720.0,6.577861357721047,2005.0,1.0,15.0,14.0,8.0,14.0,39.0,879.0,-0.4999999999999997,-0.8660254037844388,1.0,15.0,1.0986122886681098
10720.0,6.580639137284949,2005.0,1.0,15.0,22.0,25.0,23.0,31.0,1411.0,-0.5000000000000004,0.8660254037844384,1.0,15.0,2.6390573296152584
10720.0,6.580639137284949,2005.0,1.0,15.0,0.0,22.0,1.0,2.0,62.0,0.0,1.0,1.0,15.0,2.6390573296152584
10720.0,6.580639137284949,2005.0,1.0,15.0,5.0,54.0,7.0,17.0,437.0,0.9659258262890684,0.2588190451025207,1.0,15.0,2.6390573296152584
10720.0,6.580639137284949,2005.0,1.0,15.0,4.0,26.0,4.0,36.0,276.0,0.8660254037844386,0.5000000000000001,1.0,15.0,2.6390573296152584
10720.0,6.577861357721047,2005.0,1.0,15.0,14.0,8.0,14.0,39.0,879.0,-0.4999999999999997,-0.8660254037844388,1.0,15.0,1.0986122886681098
10720.0,6.580639137284949,2005.0,1.0,17.0,6.0,59.0,10.0,7.0,607.0,1.0,6.123233995736766e-17,1.0,17.0,2.6390573296152584
10720.0,6.580639137284949,2005.0,1.0,17.0,6.0,59.0,10.0,7.0,607.0,1.0,6.123233995736766e-17,1.0,17.0,2.6390573296152584
10720.0,6.580639137284949,2005.0,1.0,19.0,8.0,3.0,8.0,40.0,520.0,0.8660254037844387,-0.4999999999999998,1.0,19.0,2.6390573296152584
10720.0,6.580639137284949,2005.0,1.0,19.0,6.0,58.0,7.0,55.0,475.0,1.0,6.123233995736766e-17,1.0,19.0,2.6390573296152584
10720.0,6.580639137284949,2005.0,1.0,20.0,6.0,36.0,7.0,26.0,446.0,1.0,6.123233995736766e-17,1.0,20.0,2.6390573296152584
10759.0,6.633318433280377,2005.0,5.0,13.0,16.0,13.0,17.0,28.0,1048.0,-0.8660254037844385,-0.5000000000000004,2.0,133.0,0.6931471805599453
10775.0,6.654152520183219,2005.0,6.0,16.0,20.0,1.0,20.0,42.0,1242.0,-0.8660254037844386,0.5000000000000001,2.0,167.0,0.6931471805599453
10786.0,6.668228248417403,2005.0,7.0,7.0,16.0,7.0,16.0,40.0,1000.0,-0.8660254037844385,-0.5000000000000004,3.0,188.0,1.791759469228055
10786.0,6.668228248417403,2005.0,7.0,13.0,14.0,1.0,15.0,38.0,938.0,-0.4999999999999997,-0.8660254037844388,3.0,194.0,1.791759469228055
10786.0,6.668228248417403,2005.0,7.0,13.0,12.0,3.0,12.0,24.0,744.0,1.2246467991473532e-16,-1.0,3.0,194.0,1.791759469228055
10786.0,6.668228248417403,2005.0,7.0,14.0,10.0,16.0,11.0,29.0,689.0,0.4999999999999999,-0.8660254037844387,3.0,195.0,1.791759469228055
10786.0,6.668228248417403,2005.0,7.0,14.0,5.0,57.0,7.0,43.0,463.0,0.9659258262890684,0.2588190451025207,3.0,195.0,1.791759469228055
10792.0,8.182279739259018,2005.0,7.0,27.0,4.0,33.0,5.0,30.0,330.0,0.8660254037844386,0.5000000000000001,3.0,208.0,3.4339872044851463
8040.0,8.182279739259018,2005.0,7.0,27.0,4.0,33.0,5.0,30.0,330.0,0.8660254037844386,0.5000000000000001,3.0,208.0,3.4339872044851463
10792.0,6.675823221634848,2005.0,7.0,30.0,6.0,17.0,7.0,1.0,421.0,1.0,6.123233995736766e-17,3.0,211.0,0.6931471805599453
10798.0,6.683360945766275,2005.0,8.0,22.0,16.0,46.0,18.0,2.0,1082.0,-0.8660254037844385,-0.5000000000000004,3.0,234.0,1.0986122886681098
10798.0,6.683360945766275,2005.0,8.0,22.0,16.0,46.0,18.0,2.0,1082.0,-0.8660254037844385,-0.5000000000000004,3.0,234.0,1.0986122886681098
10808.0,6.695798917058491,2005.0,9.0,7.0,17.0,17.0,18.0,3.0,1083.0,-0.9659258262890684,-0.2588190451025206,3.0,250.0,2.6390573296152584
10808.0,6.695798917058491,2005.0,9.0,9.0,19.0,13.0,20.0,36.0,1236.0,-0.9659258262890684,0.2588190451025203,3.0,252.0,2.6390573296152584
10808.0,6.695798917058491,2005.0,9.0,9.0,9.0,42.0,10.0,8.0,608.0,0.7071067811865476,-0.7071067811865475,3.0,252.0,2.6390573296152584
10808.0,6.695798917058491,2005.0,9.0,9.0,2.0,43.0,3.0,7.0,187.0,0.4999999999999999,0.8660254037844387,3.0,252.0,2.6390573296152584
10808.0,6.695798917058491,2005.0,9.0,9.0,5.0,32.0,6.0,0.0,360.0,0.9659258262890684,0.2588190451025207,3.0,252.0,2.6390573296152584
10808.0,6.695798917058491,2005.0,9.0,10.0,21.0,30.0,22.0,43.0,1363.0,-0.7071067811865477,0.7071067811865474,3.0,253.0,2.6390573296152584
10808.0,6.695798917058491,2005.0,9.0,10.0,16.0,34.0,16.0,51.0,1011.0,-0.8660254037844385,-0.5000000000000004,3.0,253.0,2.6390573296152584
10808.0,6.695798917058491,2005.0,9.0,10.0,19.0,10.0,19.0,50.0,1190.0,-0.9659258262890684,0.2588190451025203,3.0,253.0,2.6390573296152584
10808.0,6.695798917058491,2005.0,9.0,10.0,6.0,6.0,6.0,17.0,377.0,1.0,6.123233995736766e-17,3.0,253.0,2.6390573296152584
10808.0,6.695798917058491,2005.0,9.0,11.0,2.0,29.0,2.0,40.0,160.0,0.4999999999999999,0.8660254037844387,3.0,254.0,2.6390573296152584
10808.0,6.695798917058491,2005.0,9.0,11.0,12.0,44.0,13.0,53.0,833.0,1.2246467991473532e-16,-1.0,3.0,254.0,2.6390573296152584
10808.0,6.695798917058491,2005.0,9.0,13.0,23.0,15.0,23.0,30.0,1410.0,-0.2588190451025215,0.965925826289068,3.0,256.0,2.6390573296152584
10808.0,6.695798917058491,2005.0,9.0,13.0,19.0,19.0,20.0,57.0,1257.0,-0.9659258262890684,0.2588190451025203,3.0,256.0,2.6390573296152584
10876.0,8.182279739259018,2006.0,4.0,30.0,1.0,33.0,2.0,7.0,127.0,0.2588190451025207,0.9659258262890684,2.0,120.0,3.4339872044851463
10898.0,6.80128303447162,2006.0,7.0,6.0,8.0,13.0,8.0,51.0,531.0,0.8660254037844387,-0.4999999999999998,3.0,187.0,0.6931471805599453
10904.0,6.807934943699926,2006.0,8.0,16.0,14.0,37.0,19.0,22.0,1162.0,-0.4999999999999997,-0.8660254037844388,3.0,228.0,1.0986122886681098
10904.0,6.807934943699926,2006.0,8.0,16.0,18.0,44.0,18.0,50.0,1130.0,-1.0,-1.8369701987210294e-16,3.0,228.0,1.0986122886681098
8040.0,6.826545223556594,2006.0,11.0,5.0,12.0,16.0,12.0,40.0,760.0,1.2246467991473532e-16,-1.0,4.0,309.0,0.6931471805599453
8040.0,8.182279739259018,2006.0,11.0,6.0,17.0,43.0,18.0,6.0,1086.0,-0.9659258262890684,-0.2588190451025206,4.0,310.0,3.4339872044851463
10923.0,8.182279739259018,2006.0,11.0,6.0,17.0,43.0,18.0,6.0,1086.0,-0.9659258262890684,-0.2588190451025206,4.0,310.0,3.4339872044851463
10930.0,6.836259277277067,2006.0,12.0,5.0,10.0,18.0,10.0,45.0,645.0,0.4999999999999999,-0.8660254037844387,4.0,339.0,3.49650756146648
10930.0,6.836259277277067,2006.0,12.0,5.0,7.0,45.0,8.0,6.0,486.0,0.9659258262890684,-0.2588190451025206,4.0,339.0,3.49650756146648
10930.0,6.836259277277067,2006.0,12.0,5.0,19.0,49.0,20.0,14.0,1214.0,-0.9659258262890684,0.2588190451025203,4.0,339.0,3.49650756146648
10930.0,6.836259277277067,2006.0,12.0,5.0,6.0,5.0,6.0,30.0,390.0,1.0,6.123233995736766e-17,4.0,339.0,3.49650756146648
10930.0,6.836259277277067,2006.0,12.0,5.0,5.0,1.0,5.0,17.0,317.0,0.9659258262890684,0.2588190451025207,4.0,339.0,3.49650756146648
10930.0,6.836259277277067,2006.0,12.0,5.0,20.0,21.0,21.0,35.0,1295.0,-0.8660254037844386,0.5000000000000001,4.0,339.0,3.49650756146648
10930.0,6.836259277277067,2006.0,12.0,6.0,18.0,29.0,19.0,0.0,1140.0,-1.0,-1.8369701987210294e-16,4.0,340.0,3.49650756146648
10930.0,6.836259277277067,2006.0,12.0,6.0,8.0,2.0,9.0,3.0,543.0,0.8660254037844387,-0.4999999999999998,4.0,340.0,3.49650756146648
10930.0,6.836259277277067,2006.0,12.0,6.0,20.0,14.0,20.0,22.0,1222.0,-0.8660254037844386,0.5000000000000001,4.0,340.0,3.49650756146648
10930.0,6.836259277277067,2006.0,12.0,6.0,1.0,30.0,2.0,54.0,174.0,0.2588190451025207,0.9659258262890684,4.0,340.0,3.49650756146648
10930.0,6.836259277277067,2006.0,12.0,6.0,21.0,44.0,21.0,55.0,1315.0,-0.7071067811865477,0.7071067811865474,4.0,340.0,3.49650756146648
10930.0,6.836259277277067,2006.0,12.0,6.0,12.0,53.0,13.0,3.0,783.0,1.2246467991473532e-16,-1.0,4.0,340.0,3.49650756146648
10930.0,6.836259277277067,2006.0,12.0,6.0,16.0,15.0,16.0,26.0,986.0,-0.8660254037844385,-0.5000000000000004,4.0,340.0,3.49650756146648
10930.0,6.836259277277067,2006.0,12.0,6.0,22.0,26.0,22.0,33.0,1353.0,-0.5000000000000004,0.8660254037844384,4.0,340.0,3.49650756146648
10930.0,6.836259277277067,2006.0,12.0,6.0,18.0,29.0,19.0,0.0,1140.0,-1.0,-1.8369701987210294e-16,4.0,340.0,3.49650756146648
10930.0,6.836259277277067,2006.0,12.0,6.0,8.0,2.0,9.0,3.0,543.0,0.8660254037844387,-0.4999999999999998,4.0,340.0,3.49650756146648
10930.0,6.836259277277067,2006.0,12.0,6.0,20.0,14.0,20.0,22.0,1222.0,-0.8660254037844386,0.5000000000000001,4.0,340.0,3.49650756146648
10930.0,6.836259277277067,2006.0,12.0,6.0,1.0,30.0,2.0,54.0,174.0,0.2588190451025207,0.9659258262890684,4.0,340.0,3.49650756146648
10930.0,6.836259277277067,2006.0,12.0,6.0,21.0,44.0,21.0,55.0,1315.0,-0.7071067811865477,0.7071067811865474,4.0,340.0,3.49650756146648
10930.0,6.836259277277067,2006.0,12.0,6.0,12.0,53.0,13.0,3.0,783.0,1.2246467991473532e-16,-1.0,4.0,340.0,3.49650756146648
10930.0,6.836259277277067,2006.0,12.0,6.0,16.0,15.0,16.0,26.0,986.0,-0.8660254037844385,-0.5000000000000004,4.0,340.0,3.49650756146648
10930.0,6.836259277277067,2006.0,12.0,6.0,22.0,26.0,22.0,33.0,1353.0,-0.5000000000000004,0.8660254037844384,4.0,340.0,3.49650756146648
10930.0,6.836259277277067,2006.0,12.0,6.0,18.0,29.0,19.0,0.0,1140.0,-1.0,-1.8369701987210294e-16,4.0,340.0,3.49650756146648
10930.0,6.836259277277067,2006.0,12.0,6.0,8.0,2.0,9.0,3.0,543.0,0.8660254037844387,-0.4999999999999998,4.0,340.0,3.49650756146648
10930.0,6.836259277277067,2006.0,12.0,6.0,20.0,14.0,20.0,22.0,1222.0,-0.8660254037844386,0.5000000000000001,4.0,340.0,3.49650756146648
10930.0,6.836259277277067,2006.0,12.0,6.0,1.0,30.0,2.0,54.0,174.0,0.2588190451025207,0.9659258262890684,4.0,340.0,3.49650756146648
10930.0,6.836259277277067,2006.0,12.0,6.0,21.0,44.0,21.0,55.0,1315.0,-0.7071067811865477,0.7071067811865474,4.0,340.0,3.49650756146648
10930.0,6.836259277277067,2006.0,12.0,6.0,12.0,53.0,13.0,3.0,783.0,1.2246467991473532e-16,-1.0,4.0,340.0,3.49650756146648
10930.0,6.836259277277067,2006.0,12.0,6.0,16.0,15.0,16.0,26.0,986.0,-0.8660254037844385,-0.5000000000000004,4.0,340.0,3.49650756146648
10930.0,6.836259277277067,2006.0,12.0,6.0,22.0,26.0,22.0,33.0,1353.0,-0.5000000000000004,0.8660254037844384,4.0,340.0,3.49650756146648
10930.0,6.836259277277067,2006.0,12.0,13.0,2.0,14.0,2.0,57.0,177.0,0.4999999999999999,0.8660254037844387,4.0,347.0,3.49650756146648
10930.0,6.836259277277067,2006.0,12.0,14.0,21.0,7.0,22.0,26.0,1346.0,-0.7071067811865477,0.7071067811865474,4.0,348.0,3.49650756146648
10940.0,6.846943139585379,2007.0,1.0,25.0,6.0,33.0,7.0,58.0,478.0,1.0,6.123233995736766e-17,1.0,25.0,1.0986122886681098
10940.0,6.846943139585379,2007.0,1.0,25.0,21.0,32.0,21.0,45.0,1305.0,-0.7071067811865477,0.7071067811865474,1.0,25.0,1.0986122886681098
10980.0,8.182279739259018,2007.0,12.0,31.0,0.0,37.0,1.0,38.0,98.0,0.0,1.0,4.0,365.0,3.4339872044851463
10989.0,6.897704943128636,2008.0,3.0,25.0,18.0,36.0,19.0,13.0,1153.0,-1.0,-1.8369701987210294e-16,1.0,85.0,0.6931471805599453
10989.0,8.182279739259018,2008.0,3.0,25.0,4.0,49.0,5.0,4.0,304.0,0.8660254037844386,0.5000000000000001,1.0,85.0,3.4339872044851463
10989.0,8.182279739259018,2008.0,3.0,25.0,14.0,49.0,14.0,54.0,894.0,-0.4999999999999997,-0.8660254037844388,1.0,85.0,3.4339872044851463
10989.0,8.182279739259018,2008.0,3.0,25.0,17.0,34.0,17.0,41.0,1061.0,-0.9659258262890684,-0.2588190451025206,1.0,85.0,3.4339872044851463
8040.0,8.182279739259018,2008.0,4.0,26.0,13.0,54.0,14.0,38.0,878.0,-0.2588190451025208,-0.9659258262890684,2.0,117.0,3.4339872044851463
11093.0,6.997595982981927,2010.0,8.0,7.0,17.0,55.0,18.0,47.0,1127.0,-0.9659258262890684,-0.2588190451025206,3.0,219.0,0.6931471805599453
11099.0,7.003065458786462,2010.0,8.0,18.0,4.0,45.0,6.0,51.0,411.0,0.8660254037844386,0.5000000000000001,3.0,230.0,0.6931471805599453
11158.0,7.055312843339752,2011.0,2.0,13.0,17.0,28.0,17.0,47.0,1067.0,-0.9659258262890684,-0.2588190451025206,1.0,44.0,1.0986122886681098
11158.0,7.055312843339752,2011.0,2.0,15.0,1.0,44.0,2.0,6.0,126.0,0.2588190451025207,0.9659258262890684,1.0,46.0,1.0986122886681098
11163.0,7.059617628291383,2011.0,2.0,24.0,7.0,23.0,7.0,42.0,462.0,0.9659258262890684,-0.2588190451025206,1.0,55.0,0.6931471805599453
11166.0,7.060476365999801,2011.0,3.0,7.0,19.0,43.0,20.0,58.0,1258.0,-0.9659258262890684,0.2588190451025203,1.0,66.0,1.0986122886681098
11164.0,7.060476365999801,2011.0,3.0,7.0,19.0,43.0,20.0,58.0,1258.0,-0.9659258262890684,0.2588190451025203,1.0,66.0,1.0986122886681098
11226.0,7.112327444710911,2011.0,6.0,7.0,6.0,16.0,6.0,59.0,419.0,1.0,6.123233995736766e-17,2.0,158.0,0.6931471805599453
11261.0,7.140453043101158,2011.0,8.0,4.0,3.0,41.0,4.0,4.0,244.0,0.7071067811865476,0.7071067811865476,3.0,216.0,0.6931471805599453
11263.0,7.142036574706803,2011.0,8.0,8.0,18.0,0.0,18.0,18.0,1098.0,-1.0,-1.8369701987210294e-16,3.0,220.0,1.3862943611198906
11263.0,7.142036574706803,2011.0,8.0,9.0,7.0,48.0,8.0,8.0,488.0,0.9659258262890684,-0.2588190451025206,3.0,221.0,1.3862943611198906
11263.0,7.142036574706803,2011.0,8.0,9.0,3.0,19.0,4.0,8.0,248.0,0.7071067811865476,0.7071067811865476,3.0,221.0,1.3862943611198906
11283.0,7.157735484249907,2011.0,9.0,6.0,22.0,12.0,22.0,24.0,1344.0,-0.5000000000000004,0.8660254037844384,3.0,249.0,1.6094379124341005
11283.0,7.157735484249907,2011.0,9.0,6.0,1.0,35.0,2.0,5.0,125.0,0.2588190451025207,0.9659258262890684,3.0,249.0,1.6094379124341005
11283.0,7.157735484249907,2011.0,9.0,6.0,22.0,12.0,22.0,24.0,1344.0,-0.5000000000000004,0.8660254037844384,3.0,249.0,1.6094379124341005
11283.0,7.157735484249907,2011.0,9.0,6.0,1.0,35.0,2.0,5.0,125.0,0.2588190451025207,0.9659258262890684,3.0,249.0,1.6094379124341005
11302.0,7.172424577124845,2011.0,9.0,22.0,10.0,29.0,11.0,44.0,704.0,0.4999999999999999,-0.8660254037844387,3.0,265.0,2.5649493574615367
11302.0,7.172424577124845,2011.0,9.0,24.0,9.0,21.0,9.0,48.0,588.0,0.7071067811865476,-0.7071067811865475,3.0,267.0,2.5649493574615367
11302.0,7.172424577124845,2011.0,9.0,24.0,12.0,33.0,14.0,10.0,850.0,1.2246467991473532e-16,-1.0,3.0,267.0,2.5649493574615367
11302.0,7.172424577124845,2011.0,9.0,24.0,20.0,29.0,20.0,42.0,1242.0,-0.8660254037844386,0.5000000000000001,3.0,267.0,2.5649493574615367
11302.0,7.172424577124845,2011.0,9.0,24.0,17.0,19.0,17.0,31.0,1051.0,-0.9659258262890684,-0.2588190451025206,3.0,267.0,2.5649493574615367
11302.0,7.172424577124845,2011.0,9.0,24.0,19.0,9.0,19.0,41.0,1181.0,-0.9659258262890684,0.2588190451025203,3.0,267.0,2.5649493574615367
11302.0,7.172424577124845,2011.0,9.0,24.0,17.0,59.0,18.0,24.0,1104.0,-0.9659258262890684,-0.2588190451025206,3.0,267.0,2.5649493574615367
11302.0,7.172424577124845,2011.0,9.0,25.0,4.0,31.0,5.0,5.0,305.0,0.8660254037844386,0.5000000000000001,3.0,268.0,2.5649493574615367
11302.0,7.172424577124845,2011.0,9.0,25.0,2.0,27.0,2.0,37.0,157.0,0.4999999999999999,0.8660254037844387,3.0,268.0,2.5649493574615367
11302.0,7.172424577124845,2011.0,9.0,25.0,15.0,26.0,15.0,38.0,938.0,-0.7071067811865471,-0.7071067811865479,3.0,268.0,2.5649493574615367
11302.0,7.172424577124845,2011.0,9.0,25.0,8.0,46.0,8.0,52.0,532.0,0.8660254037844387,-0.4999999999999998,3.0,268.0,2.5649493574615367
11302.0,7.172424577124845,2011.0,9.0,25.0,16.0,51.0,17.0,9.0,1029.0,-0.8660254037844385,-0.5000000000000004,3.0,268.0,2.5649493574615367
11387.0,7.23561914106675,2011.0,12.0,25.0,18.0,11.0,18.0,20.0,1100.0,-1.0,-1.8369701987210294e-16,4.0,359.0,0.6931471805599453
11402.0,7.246368080102461,2012.0,1.0,19.0,13.0,44.0,17.0,50.0,1070.0,-0.2588190451025208,-0.9659258262890684,1.0,19.0,1.3862943611198906
11402.0,7.246368080102461,2012.0,1.0,23.0,3.0,38.0,4.0,34.0,274.0,0.7071067811865476,0.7071067811865476,1.0,23.0,1.3862943611198906
11402.0,7.246368080102461,2012.0,1.0,27.0,17.0,37.0,18.0,56.0,1136.0,-0.9659258262890684,-0.2588190451025206,1.0,27.0,1.3862943611198906
11429.0,7.265429723253953,2012.0,3.0,5.0,2.0,30.0,4.0,43.0,283.0,0.4999999999999999,0.8660254037844387,1.0,65.0,1.791759469228055
11429.0,7.265429723253953,2012.0,3.0,7.0,0.0,2.0,0.0,40.0,40.0,0.0,1.0,1.0,67.0,1.791759469228055
11429.0,7.266128779556451,2012.0,3.0,7.0,1.0,5.0,1.0,23.0,83.0,0.2588190451025207,0.9659258262890684,1.0,67.0,0.6931471805599453
11429.0,7.265429723253953,2012.0,3.0,9.0,3.0,22.0,4.0,18.0,258.0,0.7071067811865476,0.7071067811865476,1.0,69.0,1.791759469228055
11429.0,7.265429723253953,2012.0,3.0,10.0,17.0,15.0,18.0,30.0,1110.0,-0.9659258262890684,-0.2588190451025206,1.0,70.0,1.791759469228055
11429.0,7.265429723253953,2012.0,3.0,13.0,17.0,12.0,18.0,25.0,1105.0,-0.9659258262890684,-0.2588190451025206,1.0,73.0,1.791759469228055
11476.0,7.29776828253138,2012.0,5.0,17.0,1.0,25.0,2.0,14.0,134.0,0.2588190451025207,0.9659258262890684,2.0,138.0,0.6931471805599453
11513.0,7.323830566202317,2012.0,7.0,4.0,9.0,47.0,9.0,57.0,597.0,0.7071067811865476,-0.7071067811865475,3.0,186.0,2.4849066497880004
11513.0,7.323830566202317,2012.0,7.0,4.0,22.0,3.0,22.0,15.0,1335.0,-0.5000000000000004,0.8660254037844384,3.0,186.0,2.4849066497880004
11513.0,7.323830566202317,2012.0,7.0,4.0,12.0,7.0,12.0,32.0,752.0,1.2246467991473532e-16,-1.0,3.0,186.0,2.4849066497880004
11513.0,7.323830566202317,2012.0,7.0,4.0,4.0,28.0,4.0,45.0,285.0,0.8660254037844386,0.5000000000000001,3.0,186.0,2.4849066497880004
11515.0,7.323830566202317,2012.0,7.0,5.0,11.0,39.0,11.0,49.0,709.0,0.258819045102521,-0.9659258262890682,3.0,187.0,2.4849066497880004
11515.0,7.323830566202317,2012.0,7.0,5.0,3.0,25.0,3.0,39.0,219.0,0.7071067811865476,0.7071067811865476,3.0,187.0,2.4849066497880004
11515.0,7.323830566202317,2012.0,7.0,5.0,1.0,5.0,1.0,15.0,75.0,0.2588190451025207,0.9659258262890684,3.0,187.0,2.4849066497880004
11515.0,7.323830566202317,2012.0,7.0,5.0,2.0,35.0,2.0,47.0,167.0,0.4999999999999999,0.8660254037844387,3.0,187.0,2.4849066497880004
11515.0,7.323830566202317,2012.0,7.0,6.0,23.0,1.0,23.0,14.0,1394.0,-0.2588190451025215,0.965925826289068,3.0,188.0,2.4849066497880004
11515.0,7.323830566202317,2012.0,7.0,6.0,1.0,37.0,1.0,42.0,102.0,0.2588190451025207,0.9659258262890684,3.0,188.0,2.4849066497880004
11515.0,7.323830566202317,2012.0,7.0,8.0,16.0,23.0,16.0,42.0,1002.0,-0.8660254037844385,-0.5000000000000004,3.0,190.0,2.4849066497880004
11520.0,7.327123292259293,2012.0,7.0,12.0,15.0,37.0,17.0,30.0,1050.0,-0.7071067811865471,-0.7071067811865479,3.0,194.0,1.0986122886681098
11520.0,7.327123292259293,2012.0,7.0,19.0,4.0,17.0,6.0,56.0,416.0,0.8660254037844386,0.5000000000000001,3.0,201.0,1.0986122886681098
11598.0,7.377133712833954,2012.0,10.0,22.0,18.0,38.0,19.0,1.0,1141.0,-1.0,-1.8369701987210294e-16,4.0,296.0,0.6931471805599453
11719.0,7.450079569807499,2013.0,4.0,11.0,6.0,55.0,7.0,29.0,449.0,1.0,6.123233995736766e-17,2.0,101.0,0.6931471805599453
11748.0,7.466799475018602,2013.0,5.0,13.0,15.0,48.0,16.0,16.0,976.0,-0.7071067811865471,-0.7071067811865479,2.0,133.0,1.9459101490553128
11748.0,7.466799475018602,2013.0,5.0,13.0,1.0,53.0,2.0,32.0,152.0,0.2588190451025207,0.9659258262890684,2.0,133.0,1.9459101490553128
11748.0,7.466799475018602,2013.0,5.0,13.0,15.0,48.0,16.0,16.0,976.0,-0.7071067811865471,-0.7071067811865479,2.0,133.0,1.9459101490553128
11748.0,7.466799475018602,2013.0,5.0,13.0,1.0,53.0,2.0,32.0,152.0,0.2588190451025207,0.9659258262890684,2.0,133.0,1.9459101490553128
11748.0,7.466799475018602,2013.0,5.0,14.0,0.0,0.0,1.0,20.0,80.0,0.0,1.0,2.0,134.0,1.9459101490553128
11748.0,7.466799475018602,2013.0,5.0,15.0,1.0,25.0,1.0,58.0,118.0,0.2588190451025207,0.9659258262890684,2.0,135.0,1.9459101490553128
11745.0,7.465082736399547,2013.0,5.0,22.0,13.0,8.0,14.0,8.0,848.0,-0.2588190451025208,-0.9659258262890684,2.0,142.0,0.6931471805599453
11777.0,7.48324441607385,2013.0,6.0,21.0,2.0,30.0,3.0,43.0,223.0,0.4999999999999999,0.8660254037844387,2.0,172.0,0.6931471805599453
11818.0,7.506042178518122,2013.0,8.0,17.0,18.0,16.0,18.0,35.0,1115.0,-1.0,-1.8369701987210294e-16,3.0,229.0,0.6931471805599453
11875.0,7.53689712956617,2013.0,10.0,22.0,21.0,15.0,21.0,22.0,1282.0,-0.7071067811865477,0.7071067811865474,4.0,295.0,2.079441541679836
11882.0,7.540621528657152,2013.0,10.0,25.0,14.0,51.0,15.0,12.0,912.0,-0.4999999999999997,-0.8660254037844388,4.0,298.0,2.3978952727983707
11882.0,7.540621528657152,2013.0,10.0,25.0,7.0,53.0,8.0,9.0,489.0,0.9659258262890684,-0.2588190451025206,4.0,298.0,2.3978952727983707
11882.0,7.540621528657152,2013.0,10.0,25.0,2.0,48.0,3.0,12.0,192.0,0.4999999999999999,0.8660254037844387,4.0,298.0,2.3978952727983707
11882.0,7.540621528657152,2013.0,10.0,25.0,19.0,5.0,19.0,24.0,1164.0,-0.9659258262890684,0.2588190451025203,4.0,298.0,2.3978952727983707
11875.0,7.541683099882111,2013.0,10.0,26.0,19.0,24.0,19.0,30.0,1170.0,-0.9659258262890684,0.2588190451025203,4.0,299.0,1.3862943611198906
11875.0,7.540621528657152,2013.0,10.0,26.0,5.0,59.0,6.0,20.0,380.0,0.9659258262890684,0.2588190451025207,4.0,299.0,2.3978952727983707
11875.0,7.541683099882111,2013.0,10.0,26.0,19.0,24.0,19.0,30.0,1170.0,-0.9659258262890684,0.2588190451025203,4.0,299.0,1.3862943611198906
11875.0,7.540621528657152,2013.0,10.0,26.0,5.0,59.0,6.0,20.0,380.0,0.9659258262890684,0.2588190451025207,4.0,299.0,2.3978952727983707
11875.0,7.541683099882111,2013.0,10.0,27.0,12.0,36.0,12.0,52.0,772.0,1.2246467991473532e-16,-1.0,4.0,300.0,1.3862943611198906
11875.0,7.53689712956617,2013.0,10.0,28.0,1.0,41.0,2.0,12.0,132.0,0.2588190451025207,0.9659258262890684,4.0,301.0,2.079441541679836
11875.0,7.53689712956617,2013.0,10.0,28.0,4.0,32.0,4.0,46.0,286.0,0.8660254037844386,0.5000000000000001,4.0,301.0,2.079441541679836
11875.0,7.540621528657152,2013.0,10.0,28.0,15.0,7.0,15.0,21.0,921.0,-0.7071067811865471,-0.7071067811865479,4.0,301.0,2.3978952727983707
11875.0,7.53689712956617,2013.0,10.0,28.0,14.0,0.0,14.0,12.0,852.0,-0.4999999999999997,-0.8660254037844388,4.0,301.0,2.079441541679836
11875.0,7.540621528657152,2013.0,10.0,28.0,14.0,46.0,15.0,4.0,904.0,-0.4999999999999997,-0.8660254037844388,4.0,301.0,2.3978952727983707
11882.0,7.53689712956617,2013.0,10.0,28.0,1.0,41.0,2.0,12.0,132.0,0.2588190451025207,0.9659258262890684,4.0,301.0,2.079441541679836
11882.0,7.53689712956617,2013.0,10.0,28.0,4.0,32.0,4.0,46.0,286.0,0.8660254037844386,0.5000000000000001,4.0,301.0,2.079441541679836
11882.0,7.540621528657152,2013.0,10.0,28.0,15.0,7.0,15.0,21.0,921.0,-0.7071067811865471,-0.7071067811865479,4.0,301.0,2.3978952727983707
11882.0,7.53689712956617,2013.0,10.0,28.0,14.0,0.0,14.0,12.0,852.0,-0.4999999999999997,-0.8660254037844388,4.0,301.0,2.079441541679836
11882.0,7.540621528657152,2013.0,10.0,28.0,14.0,46.0,15.0,4.0,904.0,-0.4999999999999997,-0.8660254037844388,4.0,301.0,2.3978952727983707
11899.0,7.544861068658458,2013.0,11.0,7.0,14.0,15.0,14.0,31.0,871.0,-0.4999999999999997,-0.8660254037844388,4.0,311.0,1.0986122886681098
11899.0,7.544861068658458,2013.0,11.0,7.0,3.0,34.0,3.0,43.0,223.0,0.7071067811865476,0.7071067811865476,4.0,311.0,1.0986122886681098
11893.0,7.546446273746024,2013.0,11.0,19.0,10.0,14.0,10.0,34.0,634.0,0.4999999999999999,-0.8660254037844387,4.0,323.0,0.6931471805599453
8040.0,7.573017256052546,2014.0,1.0,4.0,19.0,5.0,20.0,23.0,1223.0,-0.9659258262890684,0.2588190451025203,1.0,4.0,1.6094379124341005
8040.0,7.573017256052546,2014.0,1.0,4.0,19.0,5.0,20.0,23.0,1223.0,-0.9659258262890684,0.2588190451025203,1.0,4.0,1.6094379124341005
11943.0,7.573017256052546,2014.0,1.0,7.0,18.0,4.0,18.0,58.0,1138.0,-1.0,-1.8369701987210294e-16,1.0,7.0,1.6094379124341005
11943.0,7.573017256052546,2014.0,1.0,7.0,10.0,7.0,10.0,37.0,637.0,0.4999999999999999,-0.8660254037844387,1.0,7.0,1.6094379124341005
11990.0,7.596392304064196,2014.0,2.0,25.0,0.0,39.0,1.0,3.0,63.0,0.0,1.0,1.0,56.0,0.6931471805599453
12017.0,7.609862200913554,2014.0,3.0,29.0,17.0,35.0,17.0,54.0,1074.0,-0.9659258262890684,-0.2588190451025206,1.0,88.0,1.0986122886681098
12011.0,7.609862200913554,2014.0,3.0,29.0,17.0,35.0,17.0,54.0,1074.0,-0.9659258262890684,-0.2588190451025206,1.0,88.0,1.0986122886681098
12027.0,7.614805364711073,2014.0,4.0,2.0,13.0,18.0,14.0,28.0,868.0,-0.2588190451025208,-0.9659258262890684,2.0,92.0,1.0986122886681098
12030.0,7.614805364711073,2014.0,4.0,2.0,13.0,18.0,14.0,28.0,868.0,-0.2588190451025208,-0.9659258262890684,2.0,92.0,1.0986122886681098
12036.0,7.619233416226805,2014.0,4.0,18.0,12.0,31.0,13.0,20.0,800.0,1.2246467991473532e-16,-1.0,2.0,108.0,0.6931471805599453
12051.0,7.629003889652957,2014.0,5.0,8.0,9.0,59.0,10.0,18.0,618.0,0.7071067811865476,-0.7071067811865475,2.0,128.0,0.6931471805599453
12087.0,7.643961949002529,2014.0,6.0,10.0,11.0,36.0,11.0,44.0,704.0,0.258819045102521,-0.9659258262890682,2.0,161.0,1.0986122886681098
12087.0,7.643961949002529,2014.0,6.0,10.0,12.0,36.0,13.0,3.0,783.0,1.2246467991473532e-16,-1.0,2.0,161.0,1.0986122886681098
12146.0,7.671826797878781,2014.0,8.0,25.0,20.0,6.0,20.0,29.0,1229.0,-0.8660254037844386,0.5000000000000001,3.0,237.0,1.0986122886681098
12146.0,7.671826797878781,2014.0,8.0,25.0,20.0,6.0,20.0,29.0,1229.0,-0.8660254037844386,0.5000000000000001,3.0,237.0,1.0986122886681098
12158.0,7.677400430514807,2014.0,9.0,9.0,23.0,12.0,1.0,31.0,91.0,-0.2588190451025215,0.965925826289068,3.0,252.0,1.0986122886681098
12158.0,7.677400430514807,2014.0,9.0,10.0,17.0,21.0,18.0,20.0,1100.0,-0.9659258262890684,-0.2588190451025206,3.0,253.0,1.0986122886681098
12173.0,7.684324067681155,2014.0,10.0,2.0,18.0,49.0,19.0,14.0,1154.0,-1.0,-1.8369701987210294e-16,4.0,275.0,0.6931471805599453
12241.0,7.715569534520208,2014.0,12.0,17.0,4.0,25.0,5.0,20.0,320.0,0.8660254037844386,0.5000000000000001,4.0,351.0,1.0986122886681098
12242.0,7.715569534520208,2014.0,12.0,17.0,4.0,25.0,5.0,20.0,320.0,0.8660254037844386,0.5000000000000001,4.0,351.0,1.0986122886681098
12241.0,7.715123603632105,2014.0,12.0,18.0,21.0,41.0,22.0,25.0,1345.0,-0.7071067811865477,0.7071067811865474,4.0,352.0,0.6931471805599453
12290.0,7.736743682453495,2015.0,3.0,3.0,1.0,25.0,1.0,42.0,102.0,0.2588190451025207,0.9659258262890684,1.0,62.0,0.6931471805599453
12297.0,7.739794458408701,2015.0,3.0,6.0,4.0,14.0,5.0,27.0,327.0,0.8660254037844386,0.5000000000000001,1.0,65.0,1.791759469228055
12297.0,7.739794458408701,2015.0,3.0,10.0,3.0,19.0,3.0,28.0,208.0,0.7071067811865476,0.7071067811865476,1.0,69.0,1.791759469228055
12297.0,7.739794458408701,2015.0,3.0,11.0,16.0,11.0,16.0,29.0,989.0,-0.8660254037844385,-0.5000000000000004,1.0,70.0,1.791759469228055
12297.0,7.739794458408701,2015.0,3.0,11.0,23.0,46.0,0.0,6.0,6.0,-0.2588190451025215,0.965925826289068,1.0,70.0,1.791759469228055
12297.0,7.739794458408701,2015.0,3.0,11.0,7.0,51.0,8.0,3.0,483.0,0.9659258262890684,-0.2588190451025206,1.0,70.0,1.791759469228055
12339.0,7.757906208351747,2015.0,5.0,5.0,22.0,5.0,22.0,15.0,1335.0,-0.5000000000000004,0.8660254037844384,2.0,125.0,0.6931471805599453
12339.0,7.756195343948118,2015.0,5.0,5.0,17.0,12.0,17.0,30.0,1050.0,-0.9659258262890684,-0.2588190451025206,2.0,125.0,0.6931471805599453
12365.0,7.766840537085513,2015.0,6.0,14.0,0.0,52.0,1.0,9.0,69.0,0.0,1.0,2.0,165.0,0.6931471805599453
12371.0,7.771488760117616,2015.0,6.0,18.0,16.0,30.0,18.0,25.0,1105.0,-0.8660254037844385,-0.5000000000000004,2.0,169.0,1.6094379124341005
12371.0,7.769800996003896,2015.0,6.0,21.0,9.0,38.0,9.0,50.0,590.0,0.7071067811865476,-0.7071067811865475,2.0,172.0,1.0986122886681098
12371.0,7.769800996003896,2015.0,6.0,21.0,2.0,6.0,3.0,2.0,182.0,0.4999999999999999,0.8660254037844387,2.0,172.0,1.0986122886681098
12371.0,7.771488760117616,2015.0,6.0,22.0,17.0,39.0,18.0,51.0,1131.0,-0.9659258262890684,-0.2588190451025206,2.0,173.0,1.6094379124341005
12371.0,7.771488760117616,2015.0,6.0,25.0,8.0,2.0,9.0,5.0,545.0,0.8660254037844387,-0.4999999999999998,2.0,176.0,1.6094379124341005
12371.0,7.771488760117616,2015.0,6.0,25.0,8.0,2.0,9.0,5.0,545.0,0.8660254037844387,-0.4999999999999998,2.0,176.0,1.6094379124341005
12403.0,7.784889295655098,2015.0,8.0,22.0,21.0,19.0,21.0,28.0,1288.0,-0.7071067811865477,0.7071067811865474,3.0,234.0,0.6931471805599453
12415.0,7.789868559054706,2015.0,9.0,20.0,17.0,32.0,18.0,29.0,1109.0,-0.9659258262890684,-0.2588190451025206,3.0,263.0,0.6931471805599453
12443.0,7.801391320291485,2015.0,11.0,4.0,13.0,31.0,14.0,13.0,853.0,-0.2588190451025208,-0.9659258262890684,4.0,308.0,0.6931471805599453
12443.0,7.802209316247118,2015.0,11.0,4.0,11.0,55.0,12.0,6.0,726.0,0.258819045102521,-0.9659258262890682,4.0,308.0,0.6931471805599453
12449.0,7.803843303538772,2015.0,11.0,9.0,12.0,49.0,13.0,28.0,808.0,1.2246467991473532e-16,-1.0,4.0,313.0,0.6931471805599453
12473.0,7.813591552952433,2015.0,12.0,23.0,0.0,23.0,0.0,52.0,52.0,0.0,1.0,4.0,357.0,1.0986122886681098
12473.0,7.813591552952433,2016.0,1.0,2.0,23.0,10.0,1.0,1.0,61.0,-0.2588190451025215,0.965925826289068,1.0,2.0,1.0986122886681098
12665.0,7.888334500738654,2017.0,7.0,14.0,1.0,7.0,3.0,24.0,204.0,0.2588190451025207,0.9659258262890684,3.0,195.0,0.6931471805599453
12673.0,7.891330757661889,2017.0,9.0,4.0,20.0,28.0,20.0,37.0,1237.0,-0.8660254037844386,0.5000000000000001,3.0,247.0,2.772588722239781
12673.0,7.891330757661889,2017.0,9.0,4.0,22.0,10.0,22.0,19.0,1339.0,-0.5000000000000004,0.8660254037844384,3.0,247.0,2.772588722239781
12673.0,7.891330757661889,2017.0,9.0,4.0,18.0,46.0,19.0,52.0,1192.0,-1.0,-1.8369701987210294e-16,3.0,247.0,2.772588722239781
12673.0,7.891330757661889,2017.0,9.0,4.0,19.0,59.0,20.0,6.0,1206.0,-0.9659258262890684,0.2588190451025203,3.0,247.0,2.772588722239781
12673.0,7.891330757661889,2017.0,9.0,4.0,15.0,11.0,15.0,33.0,933.0,-0.7071067811865471,-0.7071067811865479,3.0,247.0,2.772588722239781
12673.0,7.891330757661889,2017.0,9.0,4.0,5.0,36.0,6.0,5.0,365.0,0.9659258262890684,0.2588190451025207,3.0,247.0,2.772588722239781
12673.0,7.891330757661889,2017.0,9.0,4.0,18.0,5.0,18.0,31.0,1111.0,-1.0,-1.8369701987210294e-16,3.0,247.0,2.772588722239781
12673.0,7.891330757661889,2017.0,9.0,4.0,12.0,12.0,12.0,33.0,753.0,1.2246467991473532e-16,-1.0,3.0,247.0,2.772588722239781
12673.0,7.891330757661889,2017.0,9.0,6.0,11.0,53.0,12.0,10.0,730.0,0.258819045102521,-0.9659258262890682,3.0,249.0,2.772588722239781
12673.0,7.891330757661889,2017.0,9.0,6.0,8.0,57.0,9.0,17.0,557.0,0.8660254037844387,-0.4999999999999998,3.0,249.0,2.772588722239781
12673.0,7.891330757661889,2017.0,9.0,6.0,15.0,51.0,16.0,3.0,963.0,-0.7071067811865471,-0.7071067811865479,3.0,249.0,2.772588722239781
12673.0,7.891330757661889,2017.0,9.0,6.0,19.0,21.0,19.0,35.0,1175.0,-0.9659258262890684,0.2588190451025203,3.0,249.0,2.772588722239781
12673.0,7.891330757661889,2017.0,9.0,6.0,23.0,33.0,23.0,44.0,1424.0,-0.2588190451025215,0.965925826289068,3.0,249.0,2.772588722239781
12673.0,7.891330757661889,2017.0,9.0,10.0,15.0,35.0,16.0,31.0,991.0,-0.7071067811865471,-0.7071067811865479,3.0,253.0,2.772588722239781
12673.0,7.891330757661889,2017.0,9.0,10.0,2.0,40.0,3.0,25.0,205.0,0.4999999999999999,0.8660254037844387,3.0,253.0,2.772588722239781
12740.0,7.916078096302786,2019.0,5.0,3.0,22.0,49.0,23.0,49.0,1429.0,-0.5000000000000004,0.8660254037844384,2.0,123.0,0.6931471805599453
12790.0,7.934155233536322,2020.0,11.0,29.0,12.0,34.0,13.0,41.0,821.0,1.2246467991473532e-16,-1.0,4.0,334.0,1.0986122886681098
12790.0,7.932721027481948,2020.0,11.0,29.0,11.0,24.0,12.0,3.0,723.0,0.258819045102521,-0.9659258262890682,4.0,334.0,0.6931471805599453
12790.0,7.934155233536322,2020.0,12.0,7.0,15.0,46.0,17.0,33.0,1053.0,-0.7071067811865471,-0.7071067811865479,4.0,342.0,1.0986122886681098
12816.0,7.943427767876373,2021.0,4.0,19.0,23.0,19.0,23.0,59.0,1439.0,-0.2588190451025215,0.965925826289068,2.0,109.0,0.6931471805599453
12822.0,7.945555428253489,2021.0,5.0,7.0,18.0,43.0,19.0,19.0,1159.0,-1.0,-1.8369701987210294e-16,2.0,127.0,0.6931471805599453
12824.0,7.946263643580541,2021.0,5.0,28.0,22.0,19.0,0.0,12.0,12.0,-0.5000000000000004,0.8660254037844384,2.0,148.0,0.6931471805599453
12864.0,7.96102146588337,2021.0,9.0,8.0,17.0,11.0,17.0,49.0,1069.0,-0.9659258262890684,-0.2588190451025206,3.0,251.0,0.6931471805599453
12882.0,7.966586697638402,2021.0,10.0,9.0,6.0,19.0,6.0,53.0,413.0,1.0,6.123233995736766e-17,4.0,282.0,0.6931471805599453
12887.0,7.968319500012717,2021.0,10.0,28.0,15.0,17.0,15.0,48.0,948.0,-0.7071067811865471,-0.7071067811865479,4.0,301.0,1.6094379124341005
12887.0,7.968319500012717,2021.0,10.0,28.0,10.0,19.0,10.0,37.0,637.0,0.4999999999999999,-0.8660254037844387,4.0,301.0,1.6094379124341005
12887.0,7.968319500012717,2021.0,10.0,28.0,7.0,30.0,7.0,45.0,465.0,0.9659258262890684,-0.2588190451025206,4.0,301.0,1.6094379124341005
12887.0,7.968319500012717,2021.0,11.0,1.0,0.0,57.0,2.0,10.0,130.0,0.0,1.0,4.0,305.0,1.6094379124341005
12891.0,7.969703583278656,2021.0,11.0,2.0,2.0,57.0,3.0,5.0,185.0,0.4999999999999999,0.8660254037844387,4.0,306.0,1.3862943611198906
12891.0,7.969703583278656,2021.0,11.0,2.0,2.0,3.0,2.0,57.0,177.0,0.4999999999999999,0.8660254037844387,4.0,306.0,1.3862943611198906
12891.0,7.969703583278656,2021.0,11.0,9.0,15.0,47.0,17.0,37.0,1057.0,-0.7071067811865471,-0.7071067811865479,4.0,313.0,1.3862943611198906
12929.0,7.982757702011113,2022.0,1.0,20.0,5.0,41.0,6.0,12.0,372.0,0.9659258262890684,0.2588190451025207,1.0,20.0,1.0986122886681098
12936.0,7.982757702011113,2022.0,1.0,20.0,5.0,41.0,6.0,12.0,372.0,0.9659258262890684,0.2588190451025207,1.0,20.0,1.0986122886681098
12975.0,7.998335395952982,2022.0,3.0,31.0,18.0,17.0,18.0,45.0,1125.0,-1.0,-1.8369701987210294e-16,1.0,90.0,1.3862943611198906
12975.0,7.998335395952982,2022.0,4.0,2.0,17.0,34.0,17.0,51.0,1071.0,-0.9659258262890684,-0.2588190451025206,2.0,92.0,1.3862943611198906
12975.0,7.998671361015776,2022.0,4.0,2.0,12.0,56.0,14.0,45.0,885.0,1.2246467991473532e-16,-1.0,2.0,92.0,0.6931471805599453
12975.0,7.998335395952982,2022.0,4.0,2.0,2.0,39.0,3.0,7.0,187.0,0.4999999999999999,0.8660254037844387,2.0,92.0,1.3862943611198906
12993.0,8.004365564979574,2022.0,4.0,21.0,1.0,47.0,2.0,5.0,125.0,0.2588190451025207,0.9659258262890684,2.0,111.0,0.6931471805599453
12994.0,8.00469951054955,2022.0,4.0,30.0,13.0,37.0,13.0,52.0,832.0,-0.2588190451025208,-0.9659258262890684,2.0,120.0,1.0986122886681098
12994.0,8.00469951054955,2022.0,4.0,30.0,9.0,48.0,10.0,6.0,606.0,0.7071067811865476,-0.7071067811865475,2.0,120.0,1.0986122886681098
13032.0,8.017307507688582,2022.0,6.0,13.0,2.0,58.0,5.0,12.0,312.0,0.4999999999999999,0.8660254037844387,2.0,164.0,0.6931471805599453
13088.0,8.035926369891792,2022.0,8.0,26.0,12.0,8.0,12.0,21.0,741.0,1.2246467991473532e-16,-1.0,3.0,238.0,1.0986122886681098
13088.0,8.035926369891792,2022.0,8.0,26.0,12.0,24.0,12.0,38.0,758.0,1.2246467991473532e-16,-1.0,3.0,238.0,1.0986122886681098
13088.0,8.035602692918582,2022.0,8.0,27.0,1.0,52.0,3.0,5.0,185.0,0.2588190451025207,0.9659258262890684,3.0,239.0,0.6931471805599453
8040.0,8.042699496897637,2022.0,10.0,2.0,19.0,53.0,20.0,34.0,1234.0,-0.9659258262890684,0.2588190451025203,4.0,275.0,1.6094379124341005
8040.0,8.042699496897637,2022.0,10.0,2.0,2.0,8.0,2.0,26.0,146.0,0.4999999999999999,0.8660254037844387,4.0,275.0,1.6094379124341005
13110.0,8.042699496897637,2022.0,10.0,2.0,19.0,53.0,20.0,34.0,1234.0,-0.9659258262890684,0.2588190451025203,4.0,275.0,1.6094379124341005
13110.0,8.042699496897637,2022.0,10.0,2.0,2.0,8.0,2.0,26.0,146.0,0.4999999999999999,0.8660254037844387,4.0,275.0,1.6094379124341005
8040.0,8.076515327552329,2023.0,2.0,11.0,15.0,40.0,15.0,54.0,954.0,-0.7071067811865471,-0.7071067811865479,1.0,42.0,0.6931471805599453
13229.0,8.080237416216702,2023.0,2.0,17.0,19.0,38.0,20.0,50.0,1250.0,-0.9659258262890684,0.2588190451025203,1.0,48.0,0.6931471805599453
8040.0,8.081784206935001,2023.0,2.0,21.0,19.0,57.0,20.0,30.0,1230.0,-0.9659258262890684,0.2588190451025203,1.0,52.0,1.0986122886681098
13234.0,8.081784206935001,2023.0,3.0,3.0,17.0,42.0,17.0,59.0,1079.0,-0.9659258262890684,-0.2588190451025206,1.0,62.0,1.0986122886681098
13285.0,8.099857910737585,2023.0,5.0,3.0,10.0,36.0,10.0,49.0,649.0,0.4999999999999999,-0.8660254037844387,2.0,123.0,0.6931471805599453
13296.0,8.10076824307173,2023.0,5.0,9.0,3.0,42.0,4.0,5.0,245.0,0.7071067811865476,0.7071067811865476,2.0,129.0,1.0986122886681098
13296.0,8.10076824307173,2023.0,5.0,9.0,20.0,32.0,21.0,4.0,1264.0,-0.8660254037844386,0.5000000000000001,2.0,129.0,1.0986122886681098
13341.0,8.114324709155339,2023.0,6.0,20.0,16.0,42.0,17.0,26.0,1046.0,-0.8660254037844385,-0.5000000000000004,2.0,171.0,0.6931471805599453
8040.0,8.122371243406553,2023.0,7.0,11.0,17.0,51.0,18.0,16.0,1096.0,-0.9659258262890684,-0.2588190451025206,3.0,192.0,0.6931471805599453
8040.0,8.182279739259018,2023.0,7.0,11.0,22.0,4.0,22.0,24.0,1344.0,-0.5000000000000004,0.8660254037844384,3.0,192.0,3.4339872044851463
13363.0,8.182279739259018,2023.0,7.0,17.0,23.0,17.0,23.0,37.0,1417.0,-0.2588190451025215,0.965925826289068,3.0,198.0,3.4339872044851463
13386.0,8.127699852817772,2023.0,8.0,5.0,21.0,45.0,22.0,44.0,1364.0,-0.7071067811865477,0.7071067811865474,3.0,217.0,1.6094379124341005
13386.0,8.127699852817772,2023.0,8.0,5.0,21.0,45.0,22.0,44.0,1364.0,-0.7071067811865477,0.7071067811865474,3.0,217.0,1.6094379124341005
13386.0,8.127699852817772,2023.0,8.0,6.0,18.0,20.0,18.0,54.0,1134.0,-1.0,-1.8369701987210294e-16,3.0,218.0,1.6094379124341005
13386.0,8.127699852817772,2023.0,8.0,7.0,20.0,30.0,21.0,18.0,1278.0,-0.8660254037844386,0.5000000000000001,3.0,219.0,1.6094379124341005
13413.0,8.135639903354386,2023.0,9.0,3.0,8.0,9.0,8.0,49.0,529.0,0.8660254037844387,-0.4999999999999998,3.0,246.0,0.6931471805599453
13435.0,8.142063283104147,2023.0,9.0,21.0,12.0,42.0,13.0,2.0,782.0,1.2246467991473532e-16,-1.0,3.0,264.0,0.6931471805599453
13500.0,8.160803920954665,2023.0,11.0,28.0,19.0,35.0,20.0,9.0,1209.0,-0.9659258262890684,0.2588190451025203,4.0,332.0,0.6931471805599453
13514.0,8.164794804244766,2023.0,12.0,14.0,16.0,47.0,17.0,12.0,1032.0,-0.8660254037844385,-0.5000000000000004,4.0,348.0,1.0986122886681098
13514.0,8.164794804244766,2023.0,12.0,14.0,7.0,11.0,8.0,0.0,480.0,0.9659258262890684,-0.2588190451025206,4.0,348.0,1.0986122886681098
13536.0,8.17103418920548,2023.0,12.0,31.0,21.0,36.0,22.0,8.0,1328.0,-0.7071067811865477,0.7071067811865474,4.0,365.0,0.6931471805599453
13575.0,8.182000136293405,2024.0,2.0,9.0,12.0,53.0,13.0,32.0,812.0,1.2246467991473532e-16,-1.0,1.0,40.0,0.6931471805599453
13576.0,8.182279739259018,2024.0,2.0,16.0,6.0,42.0,6.0,58.0,418.0,1.0,6.123233995736766e-17,1.0,47.0,3.4339872044851463
13614.0,8.192847134592865,2024.0,3.0,23.0,0.0,58.0,2.0,22.0,142.0,0.0,1.0,1.0,83.0,0.6931471805599453
13663.0,8.20631072579402,2024.0,5.0,3.0,2.0,11.0,2.0,27.0,147.0,0.4999999999999999,0.8660254037844387,2.0,124.0,0.6931471805599453
13664.0,8.206583614320753,2024.0,5.0,9.0,8.0,45.0,9.0,36.0,576.0,0.8660254037844387,-0.4999999999999998,2.0,130.0,3.218875824868201
13664.0,8.206583614320753,2024.0,5.0,9.0,17.0,23.0,18.0,1.0,1081.0,-0.9659258262890684,-0.2588190451025206,2.0,130.0,3.218875824868201
13664.0,8.206583614320753,2024.0,5.0,9.0,8.0,45.0,9.0,36.0,576.0,0.8660254037844387,-0.4999999999999998,2.0,130.0,3.218875824868201
13664.0,8.206583614320753,2024.0,5.0,9.0,17.0,23.0,18.0,1.0,1081.0,-0.9659258262890684,-0.2588190451025206,2.0,130.0,3.218875824868201
13664.0,8.206583614320753,2024.0,5.0,9.0,8.0,45.0,9.0,36.0,576.0,0.8660254037844387,-0.4999999999999998,2.0,130.0,3.218875824868201
13664.0,8.206583614320753,2024.0,5.0,9.0,17.0,23.0,18.0,1.0,1081.0,-0.9659258262890684,-0.2588190451025206,2.0,130.0,3.218875824868201
13664.0,8.206583614320753,2024.0,5.0,10.0,6.0,27.0,7.0,6.0,426.0,1.0,6.123233995736766e-17,2.0,131.0,3.218875824868201
13664.0,8.206583614320753,2024.0,5.0,11.0,1.0,10.0,1.0,39.0,99.0,0.2588190451025207,0.9659258262890684,2.0,132.0,3.218875824868201
13664.0,8.206583614320753,2024.0,5.0,11.0,11.0,15.0,12.0,5.0,725.0,0.258819045102521,-0.9659258262890682,2.0,132.0,3.218875824868201
13664.0,8.206583614320753,2024.0,5.0,14.0,16.0,46.0,17.0,2.0,1022.0,-0.8660254037844385,-0.5000000000000004,2.0,135.0,3.218875824868201
13664.0,8.206583614320753,2024.0,5.0,14.0,2.0,3.0,2.0,19.0,139.0,0.4999999999999999,0.8660254037844387,2.0,135.0,3.218875824868201
13664.0,8.206583614320753,2024.0,5.0,14.0,12.0,40.0,13.0,5.0,785.0,1.2246467991473532e-16,-1.0,2.0,135.0,3.218875824868201
13664.0,8.206583614320753,2024.0,5.0,14.0,16.0,46.0,17.0,2.0,1022.0,-0.8660254037844385,-0.5000000000000004,2.0,135.0,3.218875824868201
13664.0,8.206583614320753,2024.0,5.0,14.0,2.0,3.0,2.0,19.0,139.0,0.4999999999999999,0.8660254037844387,2.0,135.0,3.218875824868201
13664.0,8.206583614320753,2024.0,5.0,14.0,12.0,40.0,13.0,5.0,785.0,1.2246467991473532e-16,-1.0,2.0,135.0,3.218875824868201
13664.0,8.206583614320753,2024.0,5.0,14.0,16.0,46.0,17.0,2.0,1022.0,-0.8660254037844385,-0.5000000000000004,2.0,135.0,3.218875824868201
13664.0,8.206583614320753,2024.0,5.0,14.0,2.0,3.0,2.0,19.0,139.0,0.4999999999999999,0.8660254037844387,2.0,135.0,3.218875824868201
13664.0,8.206583614320753,2024.0,5.0,14.0,12.0,40.0,13.0,5.0,785.0,1.2246467991473532e-16,-1.0,2.0,135.0,3.218875824868201
13682.0,8.206583614320753,2024.0,5.0,14.0,16.0,46.0,17.0,2.0,1022.0,-0.8660254037844385,-0.5000000000000004,2.0,135.0,3.218875824868201
13682.0,8.206583614320753,2024.0,5.0,14.0,2.0,3.0,2.0,19.0,139.0,0.4999999999999999,0.8660254037844387,2.0,135.0,3.218875824868201
13682.0,8.206583614320753,2024.0,5.0,14.0,12.0,40.0,13.0,5.0,785.0,1.2246467991473532e-16,-1.0,2.0,135.0,3.218875824868201
13664.0,8.206583614320753,2024.0,5.0,15.0,8.0,18.0,8.0,52.0,532.0,0.8660254037844387,-0.4999999999999998,2.0,136.0,3.218875824868201
13664.0,8.212297138229768,2024.0,5.0,15.0,14.0,20.0,14.0,51.0,891.0,-0.4999999999999997,-0.8660254037844388,2.0,136.0,1.3862943611198906
8040.0,8.206583614320753,2024.0,5.0,15.0,8.0,18.0,8.0,52.0,532.0,0.8660254037844387,-0.4999999999999998,2.0,136.0,3.218875824868201
8040.0,8.212297138229768,2024.0,5.0,15.0,14.0,20.0,14.0,51.0,891.0,-0.4999999999999997,-0.8660254037844388,2.0,136.0,1.3862943611198906
13664.0,8.206583614320753,2024.0,5.0,15.0,8.0,18.0,8.0,52.0,532.0,0.8660254037844387,-0.4999999999999998,2.0,136.0,3.218875824868201
13664.0,8.212297138229768,2024.0,5.0,15.0,14.0,20.0,14.0,51.0,891.0,-0.4999999999999997,-0.8660254037844388,2.0,136.0,1.3862943611198906
8040.0,8.21554741194707,2024.0,5.0,27.0,6.0,49.0,7.0,25.0,445.0,1.0,6.123233995736766e-17,2.0,148.0,1.3862943611198906
13697.0,8.21554741194707,2024.0,6.0,1.0,8.0,26.0,8.0,58.0,538.0,0.8660254037844387,-0.4999999999999998,2.0,153.0,1.3862943611198906
13697.0,8.21554741194707,2024.0,6.0,1.0,18.0,24.0,18.0,50.0,1130.0,-1.0,-1.8369701987210294e-16,2.0,153.0,1.3862943611198906
13738.0,8.226573474977114,2024.0,7.0,16.0,13.0,11.0,13.0,36.0,816.0,-0.2588190451025208,-0.9659258262890684,3.0,198.0,1.0986122886681098
13744.0,8.226573474977114,2024.0,7.0,16.0,13.0,11.0,13.0,36.0,816.0,-0.2588190451025208,-0.9659258262890684,3.0,198.0,1.0986122886681098
13762.0,8.23403420769204,2024.0,7.0,29.0,2.0,33.0,2.0,43.0,163.0,0.4999999999999999,0.8660254037844387,3.0,211.0,0.6931471805599453
13780.0,8.234299635696253,2024.0,8.0,5.0,13.0,24.0,13.0,54.0,834.0,-0.2588190451025208,-0.9659258262890684,3.0,218.0,1.0986122886681098
13780.0,8.237743803890933,2024.0,8.0,5.0,15.0,18.0,15.0,32.0,932.0,-0.7071067811865471,-0.7071067811865479,3.0,218.0,1.0986122886681098
13780.0,8.234299635696253,2024.0,8.0,5.0,13.0,24.0,13.0,54.0,834.0,-0.2588190451025208,-0.9659258262890684,3.0,218.0,1.0986122886681098
13780.0,8.237743803890933,2024.0,8.0,5.0,15.0,18.0,15.0,32.0,932.0,-0.7071067811865471,-0.7071067811865479,3.0,218.0,1.0986122886681098
13777.0,8.236950048061455,2024.0,8.0,8.0,19.0,1.0,19.0,58.0,1198.0,-0.9659258262890684,0.2588190451025203,3.0,221.0,0.6931471805599453
13784.0,8.23880116587155,2024.0,8.0,14.0,6.0,0.0,7.0,8.0,428.0,1.0,6.123233995736766e-17,3.0,227.0,0.6931471805599453
13825.0,8.249575150000199,2024.0,9.0,14.0,15.0,13.0,15.0,47.0,947.0,-0.7071067811865471,-0.7071067811865479,3.0,258.0,0.6931471805599453
